name,person,act
30001.csv,1,0
30002.csv,1,0
30003.csv,1,0
30004.csv,1,0
30005.csv,1,0
30006.csv,1,0
30007.csv,1,0
30008.csv,1,0
30009.csv,1,0
30010.csv,1,0
30011.csv,1,0
30012.csv,1,0
30013.csv,1,0
30014.csv,1,0
30015.csv,1,0
30016.csv,1,0
30017.csv,1,0
30018.csv,1,0
30019.csv,1,0
30020.csv,1,0
30021.csv,1,0
30022.csv,1,0
30023.csv,1,0
30024.csv,1,0
30025.csv,1,0
30026.csv,1,0
30027.csv,1,0
30028.csv,1,0
30029.csv,1,0
30030.csv,1,0
30031.csv,2,0
30032.csv,2,0
30033.csv,2,0
30034.csv,2,0
30035.csv,2,0
30036.csv,2,0
30037.csv,2,0
30038.csv,2,0
30039.csv,2,0
30040.csv,2,0
30041.csv,2,0
30042.csv,2,0
30043.csv,2,0
30044.csv,2,0
30045.csv,2,0
30046.csv,2,0
30047.csv,2,0
30048.csv,2,0
30049.csv,2,0
30050.csv,2,0
30051.csv,2,0
30052.csv,2,0
30053.csv,2,0
30054.csv,2,0
30055.csv,2,0
30056.csv,2,0
30057.csv,2,0
30058.csv,2,0
30059.csv,2,0
30060.csv,2,0
30061.csv,2,0
30062.csv,2,0
30063.csv,2,0
30064.csv,2,0
30065.csv,2,0
30066.csv,2,0
30067.csv,2,0
30068.csv,2,0
30069.csv,3,0
30070.csv,3,0
30071.csv,3,0
30072.csv,3,0
30073.csv,3,0
30074.csv,3,0
30075.csv,3,0
30076.csv,3,0
30077.csv,3,0
30078.csv,3,0
30079.csv,3,0
30080.csv,3,0
30081.csv,3,0
30082.csv,3,0
30083.csv,3,0
30084.csv,3,0
30085.csv,3,0
30086.csv,3,0
30087.csv,3,0
30088.csv,3,0
30089.csv,3,0
30090.csv,3,0
30091.csv,3,0
30092.csv,3,0
30093.csv,3,0
30094.csv,3,0
30095.csv,3,0
30096.csv,3,0
30097.csv,3,0
30098.csv,3,0
30099.csv,3,0
30100.csv,3,0
30101.csv,3,0
30102.csv,3,0
30103.csv,3,0
30104.csv,3,0
30105.csv,4,0
30106.csv,4,0
30107.csv,4,0
30108.csv,4,0
30109.csv,4,0
30110.csv,4,0
30111.csv,4,0
30112.csv,4,0
30113.csv,4,0
30114.csv,4,0
30115.csv,4,0
30116.csv,4,0
30117.csv,4,0
30118.csv,4,0
30119.csv,4,0
30120.csv,4,0
30121.csv,4,0
30122.csv,4,0
30123.csv,4,0
30124.csv,4,0
30125.csv,4,0
30126.csv,4,0
30127.csv,4,0
30128.csv,4,0
30129.csv,4,0
30130.csv,4,0
30131.csv,4,0
30132.csv,4,0
30133.csv,4,0
30134.csv,4,0
30135.csv,4,0
30136.csv,4,0
30137.csv,4,0
30138.csv,4,0
30139.csv,4,0
30140.csv,4,0
30141.csv,4,0
30142.csv,4,0
30143.csv,4,0
30144.csv,5,0
30145.csv,5,0
30146.csv,5,0
30147.csv,5,0
30148.csv,5,0
30149.csv,5,0
30150.csv,5,0
30151.csv,5,0
30152.csv,5,0
30153.csv,5,0
30154.csv,5,0
30155.csv,5,0
30156.csv,5,0
30157.csv,5,0
30158.csv,5,0
30159.csv,5,0
30160.csv,5,0
30161.csv,5,0
30162.csv,5,0
30163.csv,5,0
30164.csv,5,0
30165.csv,5,0
30166.csv,5,0
30167.csv,5,0
30168.csv,5,0
30169.csv,5,0
30170.csv,5,0
30171.csv,5,0
30172.csv,5,0
30173.csv,5,0
30174.csv,5,0
30175.csv,5,0
30176.csv,5,0
30177.csv,5,0
30178.csv,5,0
30179.csv,5,0
30180.csv,5,0
30181.csv,7,0
30182.csv,7,0
30183.csv,7,0
30184.csv,7,0
30185.csv,7,0
30186.csv,7,0
30187.csv,7,0
30188.csv,7,0
30189.csv,7,0
30190.csv,7,0
30191.csv,7,0
30192.csv,7,0
30193.csv,7,0
30194.csv,7,0
30195.csv,7,0
30196.csv,7,0
30197.csv,7,0
30198.csv,9,0
30199.csv,9,0
30200.csv,9,0
30201.csv,9,0
30202.csv,9,0
30203.csv,9,0
30204.csv,9,0
30205.csv,9,0
30206.csv,9,0
30207.csv,9,0
30208.csv,9,0
30209.csv,9,0
30210.csv,9,0
30211.csv,9,0
30212.csv,9,0
30213.csv,16,0
30214.csv,16,0
30215.csv,16,0
30216.csv,16,0
30217.csv,16,0
30218.csv,16,0
30219.csv,16,0
30220.csv,16,0
30221.csv,16,0
30222.csv,16,0
30223.csv,16,0
30224.csv,16,0
30225.csv,16,0
30226.csv,16,0
30227.csv,16,0
30228.csv,20,0
30229.csv,20,0
30230.csv,20,0
30231.csv,20,0
30232.csv,20,0
30233.csv,20,0
30234.csv,20,0
30235.csv,20,0
30236.csv,20,0
30237.csv,20,0
30238.csv,20,0
30239.csv,20,0
30240.csv,20,0
30241.csv,20,0
30242.csv,20,0
30243.csv,23,0
30244.csv,23,0
30245.csv,23,0
30246.csv,23,0
30247.csv,23,0
30248.csv,23,0
30249.csv,23,0
30250.csv,23,0
30251.csv,23,0
30252.csv,23,0
30253.csv,23,0
30254.csv,23,0
30255.csv,23,0
30256.csv,23,0
30257.csv,23,0
30258.csv,25,0
30259.csv,25,0
30260.csv,25,0
30261.csv,25,0
30262.csv,25,0
30263.csv,25,0
30264.csv,25,0
30265.csv,25,0
30266.csv,25,0
30267.csv,25,0
30268.csv,25,0
30269.csv,25,0
30270.csv,25,0
30271.csv,25,0
30272.csv,25,0
30273.csv,25,0
30274.csv,25,0
30275.csv,25,0
30276.csv,32,0
30277.csv,32,0
30278.csv,32,0
30279.csv,32,0
30280.csv,32,0
30281.csv,32,0
30282.csv,32,0
30283.csv,32,0
30284.csv,32,0
30285.csv,32,0
30286.csv,32,0
30287.csv,32,0
30288.csv,32,0
30289.csv,32,0
30290.csv,32,0
30291.csv,32,0
30292.csv,32,0
30293.csv,32,0
30294.csv,32,0
30295.csv,32,0
30296.csv,32,0
30297.csv,32,0
30298.csv,33,0
30299.csv,33,0
30300.csv,33,0
30301.csv,33,0
30302.csv,33,0
30303.csv,33,0
30304.csv,33,0
30305.csv,33,0
30306.csv,33,0
30307.csv,33,0
30308.csv,33,0
30309.csv,33,0
30310.csv,33,0
30311.csv,33,0
30312.csv,33,0
30313.csv,33,0
30314.csv,33,0
30315.csv,33,0
30316.csv,33,0
30317.csv,33,0
30318.csv,33,0
30319.csv,33,0
30320.csv,33,0
30321.csv,33,0
30322.csv,39,0
30323.csv,39,0
30324.csv,39,0
30325.csv,39,0
30326.csv,39,0
30327.csv,39,0
30328.csv,39,0
30329.csv,39,0
30330.csv,39,0
30331.csv,39,0
30332.csv,39,0
30333.csv,39,0
30334.csv,39,0
30335.csv,39,0
30336.csv,39,0
30337.csv,47,0
30338.csv,47,0
30339.csv,47,0
30340.csv,47,0
30341.csv,47,0
30342.csv,47,0
30343.csv,47,0
30344.csv,47,0
30345.csv,47,0
30346.csv,47,0
30347.csv,47,0
30348.csv,47,0
30349.csv,47,0
30350.csv,47,0
30351.csv,47,0
30352.csv,47,0
30353.csv,47,0
30354.csv,47,0
30355.csv,47,0
30356.csv,51,0
30357.csv,51,0
30358.csv,51,0
30359.csv,51,0
30360.csv,51,0
30361.csv,51,0
30362.csv,51,0
30363.csv,51,0
30364.csv,51,0
30365.csv,51,0
30366.csv,51,0
30367.csv,51,0
30368.csv,51,0
30369.csv,51,0
30370.csv,51,0
30371.csv,62,0
30372.csv,62,0
30373.csv,62,0
30374.csv,62,0
30375.csv,62,0
30376.csv,62,0
30377.csv,62,0
30378.csv,62,0
30379.csv,62,0
30380.csv,62,0
30381.csv,62,0
30382.csv,62,0
30383.csv,62,0
30384.csv,62,0
30385.csv,62,0
30386.csv,65,0
30387.csv,65,0
30388.csv,65,0
30389.csv,65,0
30390.csv,65,0
30391.csv,65,0
30392.csv,65,0
30393.csv,65,0
30394.csv,65,0
30395.csv,65,0
30396.csv,65,0
30397.csv,65,0
30398.csv,65,0
30399.csv,65,0
30400.csv,65,0
30401.csv,71,0
30402.csv,71,0
30403.csv,71,0
30404.csv,71,0
30405.csv,71,0
30406.csv,71,0
30407.csv,71,0
30408.csv,71,0
30409.csv,71,0
30410.csv,71,0
30411.csv,71,0
30412.csv,71,0
30413.csv,71,0
30414.csv,71,0
30415.csv,71,0
30416.csv,74,0
30417.csv,74,0
30418.csv,74,0
30419.csv,74,0
30420.csv,74,0
30421.csv,74,0
30422.csv,74,0
30423.csv,74,0
30424.csv,74,0
30425.csv,74,0
30426.csv,74,0
30427.csv,74,0
30428.csv,74,0
30429.csv,74,0
30430.csv,74,0
30431.csv,77,0
30432.csv,77,0
30433.csv,77,0
30434.csv,77,0
30435.csv,77,0
30436.csv,77,0
30437.csv,77,0
30438.csv,77,0
30439.csv,77,0
30440.csv,77,0
30441.csv,77,0
30442.csv,77,0
30443.csv,77,0
30444.csv,77,0
30445.csv,77,0
30446.csv,81,0
30447.csv,81,0
30448.csv,81,0
30449.csv,81,0
30450.csv,81,0
30451.csv,81,0
30452.csv,81,0
30453.csv,81,0
30454.csv,81,0
30455.csv,81,0
30456.csv,81,0
30457.csv,81,0
30458.csv,81,0
30459.csv,81,0
30460.csv,81,0
30461.csv,86,0
30462.csv,86,0
30463.csv,86,0
30464.csv,86,0
30465.csv,86,0
30466.csv,86,0
30467.csv,86,0
30468.csv,86,0
30469.csv,86,0
30470.csv,86,0
30471.csv,86,0
30472.csv,86,0
30473.csv,86,0
30474.csv,86,0
30475.csv,86,0
30476.csv,88,0
30477.csv,88,0
30478.csv,88,0
30479.csv,88,0
30480.csv,88,0
30481.csv,88,0
30482.csv,88,0
30483.csv,88,0
30484.csv,88,0
30485.csv,88,0
30486.csv,88,0
30487.csv,88,0
30488.csv,88,0
30489.csv,88,0
30490.csv,88,0
30491.csv,88,0
30492.csv,88,0
30493.csv,88,0
30494.csv,88,0
30495.csv,88,0
30496.csv,88,0
30497.csv,93,0
30498.csv,93,0
30499.csv,93,0
30500.csv,93,0
30501.csv,93,0
30502.csv,93,0
30503.csv,93,0
30504.csv,93,0
30505.csv,93,0
30506.csv,93,0
30507.csv,93,0
30508.csv,93,0
30509.csv,93,0
30510.csv,93,0
30511.csv,93,0
30512.csv,93,0
30513.csv,93,0
30514.csv,93,0
30515.csv,93,0
30516.csv,93,0
30517.csv,93,0
30518.csv,93,0
30519.csv,93,0
30520.csv,93,0
30521.csv,93,0
30522.csv,93,0
30523.csv,93,0
30524.csv,93,0
30525.csv,93,0
30526.csv,93,0
30527.csv,93,0
30528.csv,93,0
30529.csv,100,0
30530.csv,100,0
30531.csv,100,0
30532.csv,100,0
30533.csv,100,0
30534.csv,100,0
30535.csv,100,0
30536.csv,100,0
30537.csv,100,0
30538.csv,100,0
30539.csv,100,0
30540.csv,100,0
30541.csv,100,0
30542.csv,100,0
30543.csv,100,0
30544.csv,100,0
30545.csv,100,0
30546.csv,100,0
30547.csv,100,0
30548.csv,100,0
30549.csv,100,0
30550.csv,100,0
30551.csv,100,0
30552.csv,100,0
30553.csv,100,0
30554.csv,100,0
30555.csv,100,0
30556.csv,100,0
30557.csv,100,0
30558.csv,100,0
30559.csv,100,0
30560.csv,100,0
30561.csv,100,0
30562.csv,103,0
30563.csv,103,0
30564.csv,103,0
30565.csv,103,0
30566.csv,103,0
30567.csv,103,0
30568.csv,103,0
30569.csv,103,0
30570.csv,103,0
30571.csv,103,0
30572.csv,103,0
30573.csv,103,0
30574.csv,103,0
30575.csv,103,0
30576.csv,103,0
30577.csv,103,0
30578.csv,103,0
30579.csv,103,0
30580.csv,103,0
30581.csv,103,0
30582.csv,103,0
30583.csv,108,0
30584.csv,108,0
30585.csv,108,0
30586.csv,108,0
30587.csv,108,0
30588.csv,108,0
30589.csv,108,0
30590.csv,108,0
30591.csv,108,0
30592.csv,108,0
30593.csv,108,0
30594.csv,108,0
30595.csv,108,0
30596.csv,108,0
30597.csv,108,0
30598.csv,112,0
30599.csv,112,0
30600.csv,112,0
30601.csv,112,0
30602.csv,112,0
30603.csv,112,0
30604.csv,112,0
30605.csv,112,0
30606.csv,112,0
30607.csv,112,0
30608.csv,112,0
30609.csv,112,0
30610.csv,112,0
30611.csv,112,0
30612.csv,112,0
30613.csv,112,0
30614.csv,112,0
30615.csv,112,0
30616.csv,112,0
30617.csv,112,0
30618.csv,114,0
30619.csv,114,0
30620.csv,114,0
30621.csv,114,0
30622.csv,114,0
30623.csv,114,0
30624.csv,114,0
30625.csv,114,0
30626.csv,114,0
30627.csv,114,0
30628.csv,114,0
30629.csv,114,0
30630.csv,114,0
30631.csv,114,0
30632.csv,114,0
30633.csv,114,0
30634.csv,114,0
30635.csv,114,0
30636.csv,114,0
30637.csv,114,0
30638.csv,121,0
30639.csv,121,0
30640.csv,121,0
30641.csv,121,0
30642.csv,121,0
30643.csv,121,0
30644.csv,121,0
30645.csv,121,0
30646.csv,121,0
30647.csv,121,0
30648.csv,121,0
30649.csv,121,0
30650.csv,121,0
30651.csv,121,0
30652.csv,121,0
30653.csv,121,0
30654.csv,121,0
30655.csv,121,0
30656.csv,138,0
30657.csv,138,0
30658.csv,138,0
30659.csv,138,0
30660.csv,138,0
30661.csv,138,0
30662.csv,138,0
30663.csv,138,0
30664.csv,138,0
30665.csv,138,0
30666.csv,138,0
30667.csv,138,0
30668.csv,138,0
30669.csv,138,0
30670.csv,138,0
30671.csv,138,0
30672.csv,138,0
30673.csv,138,0
30674.csv,142,0
30675.csv,142,0
30676.csv,142,0
30677.csv,142,0
30678.csv,142,0
30679.csv,142,0
30680.csv,142,0
30681.csv,142,0
30682.csv,142,0
30683.csv,142,0
30684.csv,142,0
30685.csv,142,0
30686.csv,142,0
30687.csv,142,0
30688.csv,142,0
30689.csv,142,0
30690.csv,142,0
30691.csv,142,0
30692.csv,142,0
30693.csv,142,0
30694.csv,142,0
30695.csv,142,0
30696.csv,142,0
30697.csv,142,0
30698.csv,142,0
30699.csv,142,0
30700.csv,142,0
30701.csv,142,0
30702.csv,142,0
30703.csv,142,0
30704.csv,142,0
30705.csv,145,0
30706.csv,145,0
30707.csv,145,0
30708.csv,145,0
30709.csv,145,0
30710.csv,145,0
30711.csv,145,0
30712.csv,145,0
30713.csv,145,0
30714.csv,145,0
30715.csv,145,0
30716.csv,145,0
30717.csv,145,0
30718.csv,145,0
30719.csv,145,0
30720.csv,145,0
30721.csv,145,0
30722.csv,145,0
30723.csv,145,0
30724.csv,145,0
30725.csv,145,0
30726.csv,145,0
30727.csv,145,0
30728.csv,145,0
30729.csv,145,0
30730.csv,145,0
30731.csv,145,0
30732.csv,145,0
30733.csv,145,0
30734.csv,163,0
30735.csv,163,0
30736.csv,163,0
30737.csv,163,0
30738.csv,163,0
30739.csv,163,0
30740.csv,163,0
30741.csv,163,0
30742.csv,163,0
30743.csv,163,0
30744.csv,163,0
30745.csv,163,0
30746.csv,163,0
30747.csv,163,0
30748.csv,163,0
30749.csv,163,0
30750.csv,163,0
30751.csv,163,0
30752.csv,163,0
30753.csv,163,0
30754.csv,163,0
30755.csv,163,0
30756.csv,163,0
30757.csv,163,0
30758.csv,163,0
30759.csv,170,0
30760.csv,170,0
30761.csv,170,0
30762.csv,170,0
30763.csv,170,0
30764.csv,170,0
30765.csv,170,0
30766.csv,170,0
30767.csv,170,0
30768.csv,170,0
30769.csv,170,0
30770.csv,170,0
30771.csv,170,0
30772.csv,170,0
30773.csv,170,0
30774.csv,170,0
30775.csv,170,0
30776.csv,170,0
30777.csv,170,0
30778.csv,170,0
30779.csv,170,0
30780.csv,171,0
30781.csv,171,0
30782.csv,171,0
30783.csv,171,0
30784.csv,171,0
30785.csv,171,0
30786.csv,171,0
30787.csv,171,0
30788.csv,171,0
30789.csv,171,0
30790.csv,171,0
30791.csv,171,0
30792.csv,171,0
30793.csv,171,0
30794.csv,171,0
30795.csv,171,0
30796.csv,171,0
30797.csv,1,1
30798.csv,1,1
30799.csv,1,1
30800.csv,1,1
30801.csv,1,1
30802.csv,1,1
30803.csv,1,1
30804.csv,1,1
30805.csv,1,1
30806.csv,1,1
30807.csv,1,1
30808.csv,1,1
30809.csv,1,1
30810.csv,1,1
30811.csv,1,1
30812.csv,1,1
30813.csv,1,1
30814.csv,1,1
30815.csv,1,1
30816.csv,1,1
30817.csv,1,1
30818.csv,1,1
30819.csv,1,1
30820.csv,1,1
30821.csv,1,1
30822.csv,1,1
30823.csv,1,1
30824.csv,1,1
30825.csv,1,1
30826.csv,1,1
30827.csv,1,1
30828.csv,1,1
30829.csv,1,1
30830.csv,1,1
30831.csv,1,1
30832.csv,1,1
30833.csv,1,1
30834.csv,1,1
30835.csv,1,1
30836.csv,1,1
30837.csv,1,1
30838.csv,1,1
30839.csv,1,1
30840.csv,1,1
30841.csv,1,1
30842.csv,1,1
30843.csv,1,1
30844.csv,1,1
30845.csv,2,1
30846.csv,2,1
30847.csv,2,1
30848.csv,2,1
30849.csv,2,1
30850.csv,2,1
30851.csv,2,1
30852.csv,2,1
30853.csv,2,1
30854.csv,2,1
30855.csv,2,1
30856.csv,2,1
30857.csv,2,1
30858.csv,2,1
30859.csv,2,1
30860.csv,2,1
30861.csv,2,1
30862.csv,2,1
30863.csv,2,1
30864.csv,2,1
30865.csv,2,1
30866.csv,2,1
30867.csv,2,1
30868.csv,2,1
30869.csv,2,1
30870.csv,2,1
30871.csv,2,1
30872.csv,2,1
30873.csv,2,1
30874.csv,2,1
30875.csv,2,1
30876.csv,2,1
30877.csv,2,1
30878.csv,2,1
30879.csv,2,1
30880.csv,3,1
30881.csv,3,1
30882.csv,3,1
30883.csv,3,1
30884.csv,3,1
30885.csv,3,1
30886.csv,3,1
30887.csv,3,1
30888.csv,3,1
30889.csv,3,1
30890.csv,3,1
30891.csv,3,1
30892.csv,3,1
30893.csv,3,1
30894.csv,3,1
30895.csv,3,1
30896.csv,3,1
30897.csv,3,1
30898.csv,3,1
30899.csv,3,1
30900.csv,3,1
30901.csv,3,1
30902.csv,3,1
30903.csv,3,1
30904.csv,3,1
30905.csv,3,1
30906.csv,3,1
30907.csv,3,1
30908.csv,3,1
30909.csv,3,1
30910.csv,3,1
30911.csv,3,1
30912.csv,3,1
30913.csv,3,1
30914.csv,4,1
30915.csv,4,1
30916.csv,4,1
30917.csv,4,1
30918.csv,4,1
30919.csv,4,1
30920.csv,4,1
30921.csv,4,1
30922.csv,4,1
30923.csv,4,1
30924.csv,4,1
30925.csv,4,1
30926.csv,4,1
30927.csv,4,1
30928.csv,4,1
30929.csv,4,1
30930.csv,4,1
30931.csv,4,1
30932.csv,4,1
30933.csv,4,1
30934.csv,4,1
30935.csv,4,1
30936.csv,4,1
30937.csv,4,1
30938.csv,4,1
30939.csv,4,1
30940.csv,4,1
30941.csv,4,1
30942.csv,4,1
30943.csv,4,1
30944.csv,4,1
30945.csv,4,1
30946.csv,4,1
30947.csv,4,1
30948.csv,4,1
30949.csv,4,1
30950.csv,5,1
30951.csv,5,1
30952.csv,5,1
30953.csv,5,1
30954.csv,5,1
30955.csv,5,1
30956.csv,5,1
30957.csv,5,1
30958.csv,5,1
30959.csv,5,1
30960.csv,5,1
30961.csv,5,1
30962.csv,5,1
30963.csv,5,1
30964.csv,5,1
30965.csv,5,1
30966.csv,5,1
30967.csv,5,1
30968.csv,5,1
30969.csv,5,1
30970.csv,5,1
30971.csv,5,1
30972.csv,5,1
30973.csv,5,1
30974.csv,5,1
30975.csv,5,1
30976.csv,5,1
30977.csv,5,1
30978.csv,5,1
30979.csv,5,1
30980.csv,5,1
30981.csv,5,1
30982.csv,5,1
30983.csv,5,1
30984.csv,7,1
30985.csv,7,1
30986.csv,7,1
30987.csv,7,1
30988.csv,7,1
30989.csv,7,1
30990.csv,7,1
30991.csv,7,1
30992.csv,7,1
30993.csv,7,1
30994.csv,7,1
30995.csv,7,1
30996.csv,7,1
30997.csv,7,1
30998.csv,7,1
30999.csv,7,1
31000.csv,7,1
31001.csv,7,1
31002.csv,7,1
31003.csv,7,1
31004.csv,7,1
31005.csv,7,1
31006.csv,7,1
31007.csv,9,1
31008.csv,9,1
31009.csv,9,1
31010.csv,9,1
31011.csv,9,1
31012.csv,9,1
31013.csv,9,1
31014.csv,9,1
31015.csv,9,1
31016.csv,9,1
31017.csv,9,1
31018.csv,9,1
31019.csv,9,1
31020.csv,9,1
31021.csv,9,1
31022.csv,9,1
31023.csv,9,1
31024.csv,9,1
31025.csv,9,1
31026.csv,9,1
31027.csv,9,1
31028.csv,16,1
31029.csv,16,1
31030.csv,16,1
31031.csv,16,1
31032.csv,16,1
31033.csv,16,1
31034.csv,16,1
31035.csv,16,1
31036.csv,16,1
31037.csv,16,1
31038.csv,16,1
31039.csv,16,1
31040.csv,16,1
31041.csv,16,1
31042.csv,16,1
31043.csv,20,1
31044.csv,20,1
31045.csv,20,1
31046.csv,20,1
31047.csv,20,1
31048.csv,20,1
31049.csv,20,1
31050.csv,20,1
31051.csv,20,1
31052.csv,20,1
31053.csv,20,1
31054.csv,20,1
31055.csv,20,1
31056.csv,20,1
31057.csv,20,1
31058.csv,23,1
31059.csv,23,1
31060.csv,23,1
31061.csv,23,1
31062.csv,23,1
31063.csv,23,1
31064.csv,23,1
31065.csv,23,1
31066.csv,23,1
31067.csv,23,1
31068.csv,23,1
31069.csv,23,1
31070.csv,23,1
31071.csv,23,1
31072.csv,23,1
31073.csv,25,1
31074.csv,25,1
31075.csv,25,1
31076.csv,25,1
31077.csv,25,1
31078.csv,25,1
31079.csv,25,1
31080.csv,25,1
31081.csv,25,1
31082.csv,25,1
31083.csv,25,1
31084.csv,25,1
31085.csv,25,1
31086.csv,25,1
31087.csv,25,1
31088.csv,25,1
31089.csv,25,1
31090.csv,25,1
31091.csv,32,1
31092.csv,32,1
31093.csv,32,1
31094.csv,32,1
31095.csv,32,1
31096.csv,32,1
31097.csv,32,1
31098.csv,32,1
31099.csv,32,1
31100.csv,32,1
31101.csv,32,1
31102.csv,32,1
31103.csv,32,1
31104.csv,32,1
31105.csv,32,1
31106.csv,32,1
31107.csv,32,1
31108.csv,32,1
31109.csv,32,1
31110.csv,32,1
31111.csv,32,1
31112.csv,32,1
31113.csv,32,1
31114.csv,33,1
31115.csv,33,1
31116.csv,33,1
31117.csv,33,1
31118.csv,33,1
31119.csv,33,1
31120.csv,33,1
31121.csv,33,1
31122.csv,33,1
31123.csv,33,1
31124.csv,33,1
31125.csv,33,1
31126.csv,33,1
31127.csv,33,1
31128.csv,33,1
31129.csv,33,1
31130.csv,33,1
31131.csv,33,1
31132.csv,33,1
31133.csv,33,1
31134.csv,33,1
31135.csv,33,1
31136.csv,33,1
31137.csv,33,1
31138.csv,39,1
31139.csv,39,1
31140.csv,39,1
31141.csv,39,1
31142.csv,39,1
31143.csv,39,1
31144.csv,39,1
31145.csv,39,1
31146.csv,39,1
31147.csv,39,1
31148.csv,39,1
31149.csv,39,1
31150.csv,39,1
31151.csv,39,1
31152.csv,39,1
31153.csv,47,1
31154.csv,47,1
31155.csv,47,1
31156.csv,47,1
31157.csv,47,1
31158.csv,47,1
31159.csv,47,1
31160.csv,47,1
31161.csv,47,1
31162.csv,47,1
31163.csv,47,1
31164.csv,47,1
31165.csv,47,1
31166.csv,47,1
31167.csv,47,1
31168.csv,47,1
31169.csv,47,1
31170.csv,51,1
31171.csv,51,1
31172.csv,51,1
31173.csv,51,1
31174.csv,51,1
31175.csv,51,1
31176.csv,51,1
31177.csv,51,1
31178.csv,51,1
31179.csv,51,1
31180.csv,51,1
31181.csv,51,1
31182.csv,51,1
31183.csv,51,1
31184.csv,51,1
31185.csv,62,1
31186.csv,62,1
31187.csv,62,1
31188.csv,62,1
31189.csv,62,1
31190.csv,62,1
31191.csv,62,1
31192.csv,62,1
31193.csv,62,1
31194.csv,62,1
31195.csv,62,1
31196.csv,62,1
31197.csv,62,1
31198.csv,62,1
31199.csv,62,1
31200.csv,65,1
31201.csv,65,1
31202.csv,65,1
31203.csv,65,1
31204.csv,65,1
31205.csv,65,1
31206.csv,65,1
31207.csv,65,1
31208.csv,65,1
31209.csv,65,1
31210.csv,65,1
31211.csv,65,1
31212.csv,65,1
31213.csv,65,1
31214.csv,65,1
31215.csv,71,1
31216.csv,71,1
31217.csv,71,1
31218.csv,71,1
31219.csv,71,1
31220.csv,71,1
31221.csv,71,1
31222.csv,71,1
31223.csv,71,1
31224.csv,71,1
31225.csv,71,1
31226.csv,71,1
31227.csv,71,1
31228.csv,71,1
31229.csv,71,1
31230.csv,74,1
31231.csv,74,1
31232.csv,74,1
31233.csv,74,1
31234.csv,74,1
31235.csv,74,1
31236.csv,74,1
31237.csv,74,1
31238.csv,74,1
31239.csv,74,1
31240.csv,74,1
31241.csv,74,1
31242.csv,74,1
31243.csv,74,1
31244.csv,74,1
31245.csv,77,1
31246.csv,77,1
31247.csv,77,1
31248.csv,77,1
31249.csv,77,1
31250.csv,77,1
31251.csv,77,1
31252.csv,77,1
31253.csv,77,1
31254.csv,77,1
31255.csv,77,1
31256.csv,77,1
31257.csv,77,1
31258.csv,77,1
31259.csv,77,1
31260.csv,81,1
31261.csv,81,1
31262.csv,81,1
31263.csv,81,1
31264.csv,81,1
31265.csv,81,1
31266.csv,81,1
31267.csv,81,1
31268.csv,81,1
31269.csv,81,1
31270.csv,81,1
31271.csv,81,1
31272.csv,81,1
31273.csv,81,1
31274.csv,81,1
31275.csv,81,1
31276.csv,81,1
31277.csv,81,1
31278.csv,86,1
31279.csv,86,1
31280.csv,86,1
31281.csv,86,1
31282.csv,86,1
31283.csv,86,1
31284.csv,86,1
31285.csv,86,1
31286.csv,86,1
31287.csv,86,1
31288.csv,86,1
31289.csv,86,1
31290.csv,86,1
31291.csv,86,1
31292.csv,86,1
31293.csv,88,1
31294.csv,88,1
31295.csv,88,1
31296.csv,88,1
31297.csv,88,1
31298.csv,88,1
31299.csv,88,1
31300.csv,88,1
31301.csv,88,1
31302.csv,88,1
31303.csv,88,1
31304.csv,88,1
31305.csv,88,1
31306.csv,88,1
31307.csv,88,1
31308.csv,88,1
31309.csv,88,1
31310.csv,88,1
31311.csv,88,1
31312.csv,88,1
31313.csv,88,1
31314.csv,88,1
31315.csv,88,1
31316.csv,88,1
31317.csv,93,1
31318.csv,93,1
31319.csv,93,1
31320.csv,93,1
31321.csv,93,1
31322.csv,93,1
31323.csv,93,1
31324.csv,93,1
31325.csv,93,1
31326.csv,93,1
31327.csv,93,1
31328.csv,93,1
31329.csv,93,1
31330.csv,93,1
31331.csv,93,1
31332.csv,93,1
31333.csv,93,1
31334.csv,93,1
31335.csv,93,1
31336.csv,93,1
31337.csv,93,1
31338.csv,93,1
31339.csv,93,1
31340.csv,93,1
31341.csv,93,1
31342.csv,93,1
31343.csv,93,1
31344.csv,93,1
31345.csv,93,1
31346.csv,93,1
31347.csv,93,1
31348.csv,100,1
31349.csv,100,1
31350.csv,100,1
31351.csv,100,1
31352.csv,100,1
31353.csv,100,1
31354.csv,100,1
31355.csv,100,1
31356.csv,100,1
31357.csv,100,1
31358.csv,100,1
31359.csv,100,1
31360.csv,100,1
31361.csv,100,1
31362.csv,100,1
31363.csv,100,1
31364.csv,100,1
31365.csv,100,1
31366.csv,100,1
31367.csv,100,1
31368.csv,100,1
31369.csv,100,1
31370.csv,100,1
31371.csv,100,1
31372.csv,100,1
31373.csv,100,1
31374.csv,100,1
31375.csv,100,1
31376.csv,100,1
31377.csv,100,1
31378.csv,103,1
31379.csv,103,1
31380.csv,103,1
31381.csv,103,1
31382.csv,103,1
31383.csv,103,1
31384.csv,103,1
31385.csv,103,1
31386.csv,103,1
31387.csv,103,1
31388.csv,103,1
31389.csv,103,1
31390.csv,103,1
31391.csv,103,1
31392.csv,103,1
31393.csv,103,1
31394.csv,103,1
31395.csv,103,1
31396.csv,103,1
31397.csv,108,1
31398.csv,108,1
31399.csv,108,1
31400.csv,108,1
31401.csv,108,1
31402.csv,108,1
31403.csv,108,1
31404.csv,108,1
31405.csv,108,1
31406.csv,108,1
31407.csv,108,1
31408.csv,108,1
31409.csv,108,1
31410.csv,108,1
31411.csv,108,1
31412.csv,112,1
31413.csv,112,1
31414.csv,112,1
31415.csv,112,1
31416.csv,112,1
31417.csv,112,1
31418.csv,112,1
31419.csv,112,1
31420.csv,112,1
31421.csv,112,1
31422.csv,112,1
31423.csv,112,1
31424.csv,112,1
31425.csv,112,1
31426.csv,112,1
31427.csv,112,1
31428.csv,112,1
31429.csv,112,1
31430.csv,112,1
31431.csv,112,1
31432.csv,114,1
31433.csv,114,1
31434.csv,114,1
31435.csv,114,1
31436.csv,114,1
31437.csv,114,1
31438.csv,114,1
31439.csv,114,1
31440.csv,114,1
31441.csv,114,1
31442.csv,114,1
31443.csv,114,1
31444.csv,114,1
31445.csv,114,1
31446.csv,114,1
31447.csv,114,1
31448.csv,114,1
31449.csv,114,1
31450.csv,114,1
31451.csv,114,1
31452.csv,121,1
31453.csv,121,1
31454.csv,121,1
31455.csv,121,1
31456.csv,121,1
31457.csv,121,1
31458.csv,121,1
31459.csv,121,1
31460.csv,121,1
31461.csv,121,1
31462.csv,121,1
31463.csv,121,1
31464.csv,121,1
31465.csv,121,1
31466.csv,121,1
31467.csv,121,1
31468.csv,121,1
31469.csv,121,1
31470.csv,138,1
31471.csv,138,1
31472.csv,138,1
31473.csv,138,1
31474.csv,138,1
31475.csv,138,1
31476.csv,138,1
31477.csv,138,1
31478.csv,138,1
31479.csv,138,1
31480.csv,138,1
31481.csv,138,1
31482.csv,138,1
31483.csv,138,1
31484.csv,138,1
31485.csv,138,1
31486.csv,138,1
31487.csv,138,1
31488.csv,142,1
31489.csv,142,1
31490.csv,142,1
31491.csv,142,1
31492.csv,142,1
31493.csv,142,1
31494.csv,142,1
31495.csv,142,1
31496.csv,142,1
31497.csv,142,1
31498.csv,142,1
31499.csv,142,1
31500.csv,142,1
31501.csv,142,1
31502.csv,142,1
31503.csv,142,1
31504.csv,142,1
31505.csv,142,1
31506.csv,142,1
31507.csv,142,1
31508.csv,142,1
31509.csv,142,1
31510.csv,142,1
31511.csv,142,1
31512.csv,142,1
31513.csv,142,1
31514.csv,142,1
31515.csv,142,1
31516.csv,142,1
31517.csv,142,1
31518.csv,142,1
31519.csv,142,1
31520.csv,142,1
31521.csv,142,1
31522.csv,142,1
31523.csv,142,1
31524.csv,142,1
31525.csv,145,1
31526.csv,145,1
31527.csv,145,1
31528.csv,145,1
31529.csv,145,1
31530.csv,145,1
31531.csv,145,1
31532.csv,145,1
31533.csv,145,1
31534.csv,145,1
31535.csv,145,1
31536.csv,145,1
31537.csv,145,1
31538.csv,145,1
31539.csv,145,1
31540.csv,145,1
31541.csv,145,1
31542.csv,145,1
31543.csv,145,1
31544.csv,145,1
31545.csv,163,1
31546.csv,163,1
31547.csv,163,1
31548.csv,163,1
31549.csv,163,1
31550.csv,163,1
31551.csv,163,1
31552.csv,163,1
31553.csv,163,1
31554.csv,163,1
31555.csv,163,1
31556.csv,163,1
31557.csv,163,1
31558.csv,163,1
31559.csv,163,1
31560.csv,163,1
31561.csv,163,1
31562.csv,163,1
31563.csv,163,1
31564.csv,163,1
31565.csv,170,1
31566.csv,170,1
31567.csv,170,1
31568.csv,170,1
31569.csv,170,1
31570.csv,170,1
31571.csv,170,1
31572.csv,170,1
31573.csv,170,1
31574.csv,170,1
31575.csv,170,1
31576.csv,170,1
31577.csv,170,1
31578.csv,170,1
31579.csv,170,1
31580.csv,170,1
31581.csv,170,1
31582.csv,170,1
31583.csv,170,1
31584.csv,170,1
31585.csv,171,1
31586.csv,171,1
31587.csv,171,1
31588.csv,171,1
31589.csv,171,1
31590.csv,171,1
31591.csv,171,1
31592.csv,171,1
31593.csv,171,1
31594.csv,171,1
31595.csv,171,1
31596.csv,171,1
31597.csv,171,1
31598.csv,171,1
31599.csv,171,1
31600.csv,1,2
31601.csv,1,2
31602.csv,1,2
31603.csv,1,2
31604.csv,1,2
31605.csv,1,2
31606.csv,1,2
31607.csv,1,2
31608.csv,1,2
31609.csv,1,2
31610.csv,1,2
31611.csv,1,2
31612.csv,1,2
31613.csv,1,2
31614.csv,1,2
31615.csv,1,2
31616.csv,1,2
31617.csv,1,2
31618.csv,1,2
31619.csv,1,2
31620.csv,1,2
31621.csv,1,2
31622.csv,1,2
31623.csv,1,2
31624.csv,1,2
31625.csv,1,2
31626.csv,1,2
31627.csv,1,2
31628.csv,1,2
31629.csv,1,2
31630.csv,1,2
31631.csv,1,2
31632.csv,1,2
31633.csv,1,2
31634.csv,1,2
31635.csv,1,2
31636.csv,1,2
31637.csv,1,2
31638.csv,1,2
31639.csv,1,2
31640.csv,1,2
31641.csv,1,2
31642.csv,1,2
31643.csv,1,2
31644.csv,2,2
31645.csv,2,2
31646.csv,2,2
31647.csv,2,2
31648.csv,2,2
31649.csv,2,2
31650.csv,2,2
31651.csv,2,2
31652.csv,2,2
31653.csv,2,2
31654.csv,2,2
31655.csv,2,2
31656.csv,2,2
31657.csv,2,2
31658.csv,2,2
31659.csv,2,2
31660.csv,2,2
31661.csv,2,2
31662.csv,2,2
31663.csv,2,2
31664.csv,2,2
31665.csv,2,2
31666.csv,2,2
31667.csv,2,2
31668.csv,2,2
31669.csv,2,2
31670.csv,2,2
31671.csv,2,2
31672.csv,2,2
31673.csv,2,2
31674.csv,2,2
31675.csv,2,2
31676.csv,2,2
31677.csv,2,2
31678.csv,2,2
31679.csv,3,2
31680.csv,3,2
31681.csv,3,2
31682.csv,3,2
31683.csv,3,2
31684.csv,3,2
31685.csv,3,2
31686.csv,3,2
31687.csv,3,2
31688.csv,3,2
31689.csv,3,2
31690.csv,3,2
31691.csv,3,2
31692.csv,3,2
31693.csv,3,2
31694.csv,3,2
31695.csv,3,2
31696.csv,3,2
31697.csv,3,2
31698.csv,3,2
31699.csv,3,2
31700.csv,3,2
31701.csv,3,2
31702.csv,3,2
31703.csv,3,2
31704.csv,3,2
31705.csv,3,2
31706.csv,3,2
31707.csv,3,2
31708.csv,3,2
31709.csv,3,2
31710.csv,3,2
31711.csv,3,2
31712.csv,4,2
31713.csv,4,2
31714.csv,4,2
31715.csv,4,2
31716.csv,4,2
31717.csv,4,2
31718.csv,4,2
31719.csv,4,2
31720.csv,4,2
31721.csv,4,2
31722.csv,4,2
31723.csv,4,2
31724.csv,4,2
31725.csv,4,2
31726.csv,4,2
31727.csv,4,2
31728.csv,4,2
31729.csv,4,2
31730.csv,4,2
31731.csv,4,2
31732.csv,4,2
31733.csv,4,2
31734.csv,4,2
31735.csv,4,2
31736.csv,4,2
31737.csv,4,2
31738.csv,4,2
31739.csv,4,2
31740.csv,4,2
31741.csv,4,2
31742.csv,4,2
31743.csv,4,2
31744.csv,4,2
31745.csv,4,2
31746.csv,4,2
31747.csv,5,2
31748.csv,5,2
31749.csv,5,2
31750.csv,5,2
31751.csv,5,2
31752.csv,5,2
31753.csv,5,2
31754.csv,5,2
31755.csv,5,2
31756.csv,5,2
31757.csv,5,2
31758.csv,5,2
31759.csv,5,2
31760.csv,5,2
31761.csv,5,2
31762.csv,5,2
31763.csv,5,2
31764.csv,5,2
31765.csv,5,2
31766.csv,5,2
31767.csv,5,2
31768.csv,5,2
31769.csv,5,2
31770.csv,5,2
31771.csv,5,2
31772.csv,5,2
31773.csv,5,2
31774.csv,5,2
31775.csv,5,2
31776.csv,5,2
31777.csv,5,2
31778.csv,5,2
31779.csv,5,2
31780.csv,5,2
31781.csv,5,2
31782.csv,7,2
31783.csv,7,2
31784.csv,7,2
31785.csv,7,2
31786.csv,7,2
31787.csv,7,2
31788.csv,7,2
31789.csv,7,2
31790.csv,7,2
31791.csv,7,2
31792.csv,7,2
31793.csv,7,2
31794.csv,7,2
31795.csv,7,2
31796.csv,7,2
31797.csv,7,2
31798.csv,7,2
31799.csv,7,2
31800.csv,7,2
31801.csv,7,2
31802.csv,7,2
31803.csv,7,2
31804.csv,9,2
31805.csv,9,2
31806.csv,9,2
31807.csv,9,2
31808.csv,9,2
31809.csv,9,2
31810.csv,9,2
31811.csv,9,2
31812.csv,9,2
31813.csv,9,2
31814.csv,9,2
31815.csv,9,2
31816.csv,9,2
31817.csv,9,2
31818.csv,9,2
31819.csv,9,2
31820.csv,9,2
31821.csv,9,2
31822.csv,9,2
31823.csv,16,2
31824.csv,16,2
31825.csv,16,2
31826.csv,16,2
31827.csv,16,2
31828.csv,16,2
31829.csv,16,2
31830.csv,16,2
31831.csv,16,2
31832.csv,16,2
31833.csv,16,2
31834.csv,16,2
31835.csv,16,2
31836.csv,16,2
31837.csv,16,2
31838.csv,20,2
31839.csv,20,2
31840.csv,20,2
31841.csv,20,2
31842.csv,20,2
31843.csv,20,2
31844.csv,20,2
31845.csv,20,2
31846.csv,20,2
31847.csv,20,2
31848.csv,20,2
31849.csv,20,2
31850.csv,20,2
31851.csv,20,2
31852.csv,20,2
31853.csv,23,2
31854.csv,23,2
31855.csv,23,2
31856.csv,23,2
31857.csv,23,2
31858.csv,23,2
31859.csv,23,2
31860.csv,23,2
31861.csv,23,2
31862.csv,23,2
31863.csv,23,2
31864.csv,23,2
31865.csv,23,2
31866.csv,23,2
31867.csv,23,2
31868.csv,25,2
31869.csv,25,2
31870.csv,25,2
31871.csv,25,2
31872.csv,25,2
31873.csv,25,2
31874.csv,25,2
31875.csv,25,2
31876.csv,25,2
31877.csv,25,2
31878.csv,25,2
31879.csv,25,2
31880.csv,25,2
31881.csv,25,2
31882.csv,25,2
31883.csv,32,2
31884.csv,32,2
31885.csv,32,2
31886.csv,32,2
31887.csv,32,2
31888.csv,32,2
31889.csv,32,2
31890.csv,32,2
31891.csv,32,2
31892.csv,32,2
31893.csv,32,2
31894.csv,32,2
31895.csv,32,2
31896.csv,32,2
31897.csv,32,2
31898.csv,32,2
31899.csv,32,2
31900.csv,32,2
31901.csv,32,2
31902.csv,32,2
31903.csv,32,2
31904.csv,32,2
31905.csv,32,2
31906.csv,33,2
31907.csv,33,2
31908.csv,33,2
31909.csv,33,2
31910.csv,33,2
31911.csv,33,2
31912.csv,33,2
31913.csv,33,2
31914.csv,33,2
31915.csv,33,2
31916.csv,33,2
31917.csv,33,2
31918.csv,33,2
31919.csv,33,2
31920.csv,33,2
31921.csv,33,2
31922.csv,33,2
31923.csv,33,2
31924.csv,33,2
31925.csv,33,2
31926.csv,33,2
31927.csv,33,2
31928.csv,33,2
31929.csv,33,2
31930.csv,33,2
31931.csv,39,2
31932.csv,39,2
31933.csv,39,2
31934.csv,39,2
31935.csv,39,2
31936.csv,39,2
31937.csv,39,2
31938.csv,39,2
31939.csv,39,2
31940.csv,39,2
31941.csv,39,2
31942.csv,39,2
31943.csv,39,2
31944.csv,39,2
31945.csv,39,2
31946.csv,47,2
31947.csv,47,2
31948.csv,47,2
31949.csv,47,2
31950.csv,47,2
31951.csv,47,2
31952.csv,47,2
31953.csv,47,2
31954.csv,47,2
31955.csv,47,2
31956.csv,47,2
31957.csv,47,2
31958.csv,47,2
31959.csv,47,2
31960.csv,47,2
31961.csv,47,2
31962.csv,47,2
31963.csv,47,2
31964.csv,47,2
31965.csv,51,2
31966.csv,51,2
31967.csv,51,2
31968.csv,51,2
31969.csv,51,2
31970.csv,51,2
31971.csv,51,2
31972.csv,51,2
31973.csv,51,2
31974.csv,51,2
31975.csv,51,2
31976.csv,51,2
31977.csv,51,2
31978.csv,51,2
31979.csv,51,2
31980.csv,62,2
31981.csv,62,2
31982.csv,62,2
31983.csv,62,2
31984.csv,62,2
31985.csv,62,2
31986.csv,62,2
31987.csv,62,2
31988.csv,62,2
31989.csv,62,2
31990.csv,62,2
31991.csv,62,2
31992.csv,62,2
31993.csv,62,2
31994.csv,62,2
31995.csv,65,2
31996.csv,65,2
31997.csv,65,2
31998.csv,65,2
31999.csv,65,2
32000.csv,65,2
32001.csv,65,2
32002.csv,65,2
32003.csv,65,2
32004.csv,65,2
32005.csv,65,2
32006.csv,65,2
32007.csv,65,2
32008.csv,65,2
32009.csv,65,2
32010.csv,71,2
32011.csv,71,2
32012.csv,71,2
32013.csv,71,2
32014.csv,71,2
32015.csv,71,2
32016.csv,71,2
32017.csv,71,2
32018.csv,71,2
32019.csv,71,2
32020.csv,71,2
32021.csv,71,2
32022.csv,71,2
32023.csv,71,2
32024.csv,71,2
32025.csv,74,2
32026.csv,74,2
32027.csv,74,2
32028.csv,74,2
32029.csv,74,2
32030.csv,74,2
32031.csv,74,2
32032.csv,74,2
32033.csv,74,2
32034.csv,74,2
32035.csv,74,2
32036.csv,74,2
32037.csv,74,2
32038.csv,74,2
32039.csv,74,2
32040.csv,77,2
32041.csv,77,2
32042.csv,77,2
32043.csv,77,2
32044.csv,77,2
32045.csv,77,2
32046.csv,77,2
32047.csv,77,2
32048.csv,77,2
32049.csv,77,2
32050.csv,77,2
32051.csv,77,2
32052.csv,77,2
32053.csv,77,2
32054.csv,77,2
32055.csv,77,2
32056.csv,77,2
32057.csv,77,2
32058.csv,81,2
32059.csv,81,2
32060.csv,81,2
32061.csv,81,2
32062.csv,81,2
32063.csv,81,2
32064.csv,81,2
32065.csv,81,2
32066.csv,81,2
32067.csv,81,2
32068.csv,81,2
32069.csv,81,2
32070.csv,81,2
32071.csv,81,2
32072.csv,81,2
32073.csv,86,2
32074.csv,86,2
32075.csv,86,2
32076.csv,86,2
32077.csv,86,2
32078.csv,86,2
32079.csv,86,2
32080.csv,86,2
32081.csv,86,2
32082.csv,86,2
32083.csv,86,2
32084.csv,86,2
32085.csv,86,2
32086.csv,86,2
32087.csv,86,2
32088.csv,88,2
32089.csv,88,2
32090.csv,88,2
32091.csv,88,2
32092.csv,88,2
32093.csv,88,2
32094.csv,88,2
32095.csv,88,2
32096.csv,88,2
32097.csv,88,2
32098.csv,88,2
32099.csv,88,2
32100.csv,88,2
32101.csv,88,2
32102.csv,88,2
32103.csv,88,2
32104.csv,88,2
32105.csv,88,2
32106.csv,88,2
32107.csv,88,2
32108.csv,88,2
32109.csv,88,2
32110.csv,88,2
32111.csv,88,2
32112.csv,93,2
32113.csv,93,2
32114.csv,93,2
32115.csv,93,2
32116.csv,93,2
32117.csv,93,2
32118.csv,93,2
32119.csv,93,2
32120.csv,93,2
32121.csv,93,2
32122.csv,93,2
32123.csv,93,2
32124.csv,93,2
32125.csv,93,2
32126.csv,93,2
32127.csv,93,2
32128.csv,93,2
32129.csv,93,2
32130.csv,93,2
32131.csv,93,2
32132.csv,93,2
32133.csv,93,2
32134.csv,93,2
32135.csv,93,2
32136.csv,93,2
32137.csv,93,2
32138.csv,93,2
32139.csv,93,2
32140.csv,93,2
32141.csv,93,2
32142.csv,93,2
32143.csv,93,2
32144.csv,100,2
32145.csv,100,2
32146.csv,100,2
32147.csv,100,2
32148.csv,100,2
32149.csv,100,2
32150.csv,100,2
32151.csv,100,2
32152.csv,100,2
32153.csv,100,2
32154.csv,100,2
32155.csv,100,2
32156.csv,100,2
32157.csv,100,2
32158.csv,100,2
32159.csv,100,2
32160.csv,100,2
32161.csv,100,2
32162.csv,100,2
32163.csv,100,2
32164.csv,100,2
32165.csv,100,2
32166.csv,100,2
32167.csv,100,2
32168.csv,100,2
32169.csv,100,2
32170.csv,100,2
32171.csv,100,2
32172.csv,100,2
32173.csv,100,2
32174.csv,100,2
32175.csv,100,2
32176.csv,100,2
32177.csv,100,2
32178.csv,100,2
32179.csv,103,2
32180.csv,103,2
32181.csv,103,2
32182.csv,103,2
32183.csv,103,2
32184.csv,103,2
32185.csv,103,2
32186.csv,103,2
32187.csv,103,2
32188.csv,103,2
32189.csv,103,2
32190.csv,103,2
32191.csv,103,2
32192.csv,103,2
32193.csv,103,2
32194.csv,103,2
32195.csv,103,2
32196.csv,103,2
32197.csv,108,2
32198.csv,108,2
32199.csv,108,2
32200.csv,108,2
32201.csv,108,2
32202.csv,108,2
32203.csv,108,2
32204.csv,108,2
32205.csv,108,2
32206.csv,108,2
32207.csv,108,2
32208.csv,108,2
32209.csv,108,2
32210.csv,108,2
32211.csv,108,2
32212.csv,112,2
32213.csv,112,2
32214.csv,112,2
32215.csv,112,2
32216.csv,112,2
32217.csv,112,2
32218.csv,112,2
32219.csv,112,2
32220.csv,112,2
32221.csv,112,2
32222.csv,112,2
32223.csv,112,2
32224.csv,112,2
32225.csv,112,2
32226.csv,112,2
32227.csv,112,2
32228.csv,112,2
32229.csv,112,2
32230.csv,112,2
32231.csv,112,2
32232.csv,112,2
32233.csv,112,2
32234.csv,112,2
32235.csv,112,2
32236.csv,114,2
32237.csv,114,2
32238.csv,114,2
32239.csv,114,2
32240.csv,114,2
32241.csv,114,2
32242.csv,114,2
32243.csv,114,2
32244.csv,114,2
32245.csv,114,2
32246.csv,114,2
32247.csv,114,2
32248.csv,114,2
32249.csv,114,2
32250.csv,114,2
32251.csv,114,2
32252.csv,114,2
32253.csv,114,2
32254.csv,114,2
32255.csv,114,2
32256.csv,121,2
32257.csv,121,2
32258.csv,121,2
32259.csv,121,2
32260.csv,121,2
32261.csv,121,2
32262.csv,121,2
32263.csv,121,2
32264.csv,121,2
32265.csv,121,2
32266.csv,121,2
32267.csv,121,2
32268.csv,121,2
32269.csv,121,2
32270.csv,121,2
32271.csv,121,2
32272.csv,121,2
32273.csv,121,2
32274.csv,138,2
32275.csv,138,2
32276.csv,138,2
32277.csv,138,2
32278.csv,138,2
32279.csv,138,2
32280.csv,138,2
32281.csv,138,2
32282.csv,138,2
32283.csv,138,2
32284.csv,138,2
32285.csv,138,2
32286.csv,138,2
32287.csv,138,2
32288.csv,138,2
32289.csv,138,2
32290.csv,138,2
32291.csv,138,2
32292.csv,142,2
32293.csv,142,2
32294.csv,142,2
32295.csv,142,2
32296.csv,142,2
32297.csv,142,2
32298.csv,142,2
32299.csv,142,2
32300.csv,142,2
32301.csv,142,2
32302.csv,142,2
32303.csv,142,2
32304.csv,142,2
32305.csv,142,2
32306.csv,142,2
32307.csv,142,2
32308.csv,142,2
32309.csv,142,2
32310.csv,142,2
32311.csv,142,2
32312.csv,145,2
32313.csv,145,2
32314.csv,145,2
32315.csv,145,2
32316.csv,145,2
32317.csv,145,2
32318.csv,145,2
32319.csv,145,2
32320.csv,145,2
32321.csv,145,2
32322.csv,145,2
32323.csv,145,2
32324.csv,145,2
32325.csv,145,2
32326.csv,145,2
32327.csv,145,2
32328.csv,145,2
32329.csv,145,2
32330.csv,145,2
32331.csv,145,2
32332.csv,145,2
32333.csv,145,2
32334.csv,145,2
32335.csv,145,2
32336.csv,163,2
32337.csv,163,2
32338.csv,163,2
32339.csv,163,2
32340.csv,163,2
32341.csv,163,2
32342.csv,163,2
32343.csv,163,2
32344.csv,163,2
32345.csv,163,2
32346.csv,163,2
32347.csv,163,2
32348.csv,163,2
32349.csv,163,2
32350.csv,163,2
32351.csv,163,2
32352.csv,163,2
32353.csv,163,2
32354.csv,163,2
32355.csv,163,2
32356.csv,170,2
32357.csv,170,2
32358.csv,170,2
32359.csv,170,2
32360.csv,170,2
32361.csv,170,2
32362.csv,170,2
32363.csv,170,2
32364.csv,170,2
32365.csv,170,2
32366.csv,170,2
32367.csv,170,2
32368.csv,170,2
32369.csv,170,2
32370.csv,170,2
32371.csv,170,2
32372.csv,170,2
32373.csv,170,2
32374.csv,170,2
32375.csv,170,2
32376.csv,171,2
32377.csv,171,2
32378.csv,171,2
32379.csv,171,2
32380.csv,171,2
32381.csv,171,2
32382.csv,171,2
32383.csv,171,2
32384.csv,171,2
32385.csv,171,2
32386.csv,171,2
32387.csv,171,2
32388.csv,171,2
32389.csv,171,2
32390.csv,171,2
32391.csv,171,2
32392.csv,1,3
32393.csv,1,3
32394.csv,1,3
32395.csv,1,3
32396.csv,1,3
32397.csv,1,3
32398.csv,1,3
32399.csv,1,3
32400.csv,1,3
32401.csv,1,3
32402.csv,1,3
32403.csv,1,3
32404.csv,1,3
32405.csv,1,3
32406.csv,1,3
32407.csv,1,3
32408.csv,1,3
32409.csv,1,3
32410.csv,1,3
32411.csv,1,3
32412.csv,1,3
32413.csv,1,3
32414.csv,1,3
32415.csv,1,3
32416.csv,1,3
32417.csv,1,3
32418.csv,1,3
32419.csv,1,3
32420.csv,1,3
32421.csv,1,3
32422.csv,2,3
32423.csv,2,3
32424.csv,2,3
32425.csv,2,3
32426.csv,2,3
32427.csv,2,3
32428.csv,2,3
32429.csv,2,3
32430.csv,2,3
32431.csv,2,3
32432.csv,2,3
32433.csv,2,3
32434.csv,2,3
32435.csv,2,3
32436.csv,2,3
32437.csv,2,3
32438.csv,2,3
32439.csv,2,3
32440.csv,2,3
32441.csv,2,3
32442.csv,2,3
32443.csv,2,3
32444.csv,2,3
32445.csv,2,3
32446.csv,2,3
32447.csv,2,3
32448.csv,2,3
32449.csv,2,3
32450.csv,2,3
32451.csv,2,3
32452.csv,3,3
32453.csv,3,3
32454.csv,3,3
32455.csv,3,3
32456.csv,3,3
32457.csv,3,3
32458.csv,3,3
32459.csv,3,3
32460.csv,3,3
32461.csv,3,3
32462.csv,3,3
32463.csv,3,3
32464.csv,3,3
32465.csv,3,3
32466.csv,3,3
32467.csv,3,3
32468.csv,3,3
32469.csv,3,3
32470.csv,3,3
32471.csv,3,3
32472.csv,3,3
32473.csv,3,3
32474.csv,3,3
32475.csv,3,3
32476.csv,3,3
32477.csv,3,3
32478.csv,3,3
32479.csv,3,3
32480.csv,3,3
32481.csv,3,3
32482.csv,4,3
32483.csv,4,3
32484.csv,4,3
32485.csv,4,3
32486.csv,4,3
32487.csv,4,3
32488.csv,4,3
32489.csv,4,3
32490.csv,4,3
32491.csv,4,3
32492.csv,4,3
32493.csv,4,3
32494.csv,4,3
32495.csv,4,3
32496.csv,4,3
32497.csv,4,3
32498.csv,4,3
32499.csv,4,3
32500.csv,4,3
32501.csv,4,3
32502.csv,4,3
32503.csv,4,3
32504.csv,4,3
32505.csv,4,3
32506.csv,4,3
32507.csv,4,3
32508.csv,4,3
32509.csv,4,3
32510.csv,4,3
32511.csv,4,3
32512.csv,5,3
32513.csv,5,3
32514.csv,5,3
32515.csv,5,3
32516.csv,5,3
32517.csv,5,3
32518.csv,5,3
32519.csv,5,3
32520.csv,5,3
32521.csv,5,3
32522.csv,5,3
32523.csv,5,3
32524.csv,5,3
32525.csv,5,3
32526.csv,5,3
32527.csv,5,3
32528.csv,5,3
32529.csv,5,3
32530.csv,5,3
32531.csv,5,3
32532.csv,5,3
32533.csv,5,3
32534.csv,5,3
32535.csv,5,3
32536.csv,5,3
32537.csv,5,3
32538.csv,5,3
32539.csv,5,3
32540.csv,5,3
32541.csv,5,3
32542.csv,7,3
32543.csv,7,3
32544.csv,7,3
32545.csv,7,3
32546.csv,7,3
32547.csv,7,3
32548.csv,7,3
32549.csv,7,3
32550.csv,7,3
32551.csv,7,3
32552.csv,7,3
32553.csv,7,3
32554.csv,7,3
32555.csv,7,3
32556.csv,7,3
32557.csv,7,3
32558.csv,7,3
32559.csv,7,3
32560.csv,7,3
32561.csv,9,3
32562.csv,9,3
32563.csv,9,3
32564.csv,9,3
32565.csv,9,3
32566.csv,9,3
32567.csv,9,3
32568.csv,9,3
32569.csv,9,3
32570.csv,9,3
32571.csv,9,3
32572.csv,9,3
32573.csv,9,3
32574.csv,9,3
32575.csv,9,3
32576.csv,9,3
32577.csv,9,3
32578.csv,9,3
32579.csv,9,3
32580.csv,9,3
32581.csv,16,3
32582.csv,16,3
32583.csv,16,3
32584.csv,16,3
32585.csv,16,3
32586.csv,16,3
32587.csv,16,3
32588.csv,16,3
32589.csv,16,3
32590.csv,16,3
32591.csv,16,3
32592.csv,16,3
32593.csv,16,3
32594.csv,16,3
32595.csv,16,3
32596.csv,20,3
32597.csv,20,3
32598.csv,20,3
32599.csv,20,3
32600.csv,20,3
32601.csv,20,3
32602.csv,20,3
32603.csv,20,3
32604.csv,20,3
32605.csv,20,3
32606.csv,20,3
32607.csv,20,3
32608.csv,20,3
32609.csv,20,3
32610.csv,20,3
32611.csv,23,3
32612.csv,23,3
32613.csv,23,3
32614.csv,23,3
32615.csv,23,3
32616.csv,23,3
32617.csv,23,3
32618.csv,23,3
32619.csv,23,3
32620.csv,23,3
32621.csv,23,3
32622.csv,23,3
32623.csv,23,3
32624.csv,23,3
32625.csv,23,3
32626.csv,25,3
32627.csv,25,3
32628.csv,25,3
32629.csv,25,3
32630.csv,25,3
32631.csv,25,3
32632.csv,25,3
32633.csv,25,3
32634.csv,25,3
32635.csv,25,3
32636.csv,25,3
32637.csv,25,3
32638.csv,25,3
32639.csv,25,3
32640.csv,25,3
32641.csv,32,3
32642.csv,32,3
32643.csv,32,3
32644.csv,32,3
32645.csv,32,3
32646.csv,32,3
32647.csv,32,3
32648.csv,32,3
32649.csv,32,3
32650.csv,32,3
32651.csv,32,3
32652.csv,32,3
32653.csv,32,3
32654.csv,32,3
32655.csv,32,3
32656.csv,32,3
32657.csv,32,3
32658.csv,32,3
32659.csv,32,3
32660.csv,32,3
32661.csv,32,3
32662.csv,32,3
32663.csv,32,3
32664.csv,32,3
32665.csv,33,3
32666.csv,33,3
32667.csv,33,3
32668.csv,33,3
32669.csv,33,3
32670.csv,33,3
32671.csv,33,3
32672.csv,33,3
32673.csv,33,3
32674.csv,33,3
32675.csv,33,3
32676.csv,33,3
32677.csv,33,3
32678.csv,33,3
32679.csv,33,3
32680.csv,33,3
32681.csv,33,3
32682.csv,33,3
32683.csv,33,3
32684.csv,33,3
32685.csv,33,3
32686.csv,33,3
32687.csv,33,3
32688.csv,33,3
32689.csv,33,3
32690.csv,33,3
32691.csv,39,3
32692.csv,39,3
32693.csv,39,3
32694.csv,39,3
32695.csv,39,3
32696.csv,39,3
32697.csv,39,3
32698.csv,39,3
32699.csv,39,3
32700.csv,39,3
32701.csv,39,3
32702.csv,39,3
32703.csv,39,3
32704.csv,39,3
32705.csv,39,3
32706.csv,47,3
32707.csv,47,3
32708.csv,47,3
32709.csv,47,3
32710.csv,47,3
32711.csv,47,3
32712.csv,47,3
32713.csv,47,3
32714.csv,47,3
32715.csv,47,3
32716.csv,47,3
32717.csv,47,3
32718.csv,47,3
32719.csv,47,3
32720.csv,47,3
32721.csv,47,3
32722.csv,51,3
32723.csv,51,3
32724.csv,51,3
32725.csv,51,3
32726.csv,51,3
32727.csv,51,3
32728.csv,51,3
32729.csv,51,3
32730.csv,51,3
32731.csv,51,3
32732.csv,51,3
32733.csv,51,3
32734.csv,51,3
32735.csv,51,3
32736.csv,51,3
32737.csv,62,3
32738.csv,62,3
32739.csv,62,3
32740.csv,62,3
32741.csv,62,3
32742.csv,62,3
32743.csv,62,3
32744.csv,62,3
32745.csv,62,3
32746.csv,62,3
32747.csv,62,3
32748.csv,62,3
32749.csv,62,3
32750.csv,62,3
32751.csv,62,3
32752.csv,65,3
32753.csv,65,3
32754.csv,65,3
32755.csv,65,3
32756.csv,65,3
32757.csv,65,3
32758.csv,65,3
32759.csv,65,3
32760.csv,65,3
32761.csv,65,3
32762.csv,65,3
32763.csv,65,3
32764.csv,65,3
32765.csv,65,3
32766.csv,65,3
32767.csv,71,3
32768.csv,71,3
32769.csv,71,3
32770.csv,71,3
32771.csv,71,3
32772.csv,71,3
32773.csv,71,3
32774.csv,71,3
32775.csv,71,3
32776.csv,71,3
32777.csv,71,3
32778.csv,71,3
32779.csv,71,3
32780.csv,71,3
32781.csv,71,3
32782.csv,74,3
32783.csv,74,3
32784.csv,74,3
32785.csv,74,3
32786.csv,74,3
32787.csv,74,3
32788.csv,74,3
32789.csv,74,3
32790.csv,74,3
32791.csv,74,3
32792.csv,74,3
32793.csv,74,3
32794.csv,74,3
32795.csv,74,3
32796.csv,74,3
32797.csv,77,3
32798.csv,77,3
32799.csv,77,3
32800.csv,77,3
32801.csv,77,3
32802.csv,77,3
32803.csv,77,3
32804.csv,77,3
32805.csv,77,3
32806.csv,77,3
32807.csv,77,3
32808.csv,77,3
32809.csv,77,3
32810.csv,77,3
32811.csv,77,3
32812.csv,81,3
32813.csv,81,3
32814.csv,81,3
32815.csv,81,3
32816.csv,81,3
32817.csv,81,3
32818.csv,81,3
32819.csv,81,3
32820.csv,81,3
32821.csv,81,3
32822.csv,81,3
32823.csv,81,3
32824.csv,81,3
32825.csv,81,3
32826.csv,81,3
32827.csv,86,3
32828.csv,86,3
32829.csv,86,3
32830.csv,86,3
32831.csv,86,3
32832.csv,86,3
32833.csv,86,3
32834.csv,86,3
32835.csv,86,3
32836.csv,86,3
32837.csv,86,3
32838.csv,86,3
32839.csv,86,3
32840.csv,86,3
32841.csv,86,3
32842.csv,88,3
32843.csv,88,3
32844.csv,88,3
32845.csv,88,3
32846.csv,88,3
32847.csv,88,3
32848.csv,88,3
32849.csv,88,3
32850.csv,88,3
32851.csv,88,3
32852.csv,88,3
32853.csv,88,3
32854.csv,88,3
32855.csv,88,3
32856.csv,88,3
32857.csv,88,3
32858.csv,88,3
32859.csv,88,3
32860.csv,88,3
32861.csv,88,3
32862.csv,88,3
32863.csv,88,3
32864.csv,88,3
32865.csv,88,3
32866.csv,88,3
32867.csv,93,3
32868.csv,93,3
32869.csv,93,3
32870.csv,93,3
32871.csv,93,3
32872.csv,93,3
32873.csv,93,3
32874.csv,93,3
32875.csv,93,3
32876.csv,93,3
32877.csv,93,3
32878.csv,93,3
32879.csv,93,3
32880.csv,93,3
32881.csv,93,3
32882.csv,93,3
32883.csv,93,3
32884.csv,93,3
32885.csv,93,3
32886.csv,93,3
32887.csv,93,3
32888.csv,93,3
32889.csv,93,3
32890.csv,93,3
32891.csv,93,3
32892.csv,93,3
32893.csv,93,3
32894.csv,93,3
32895.csv,93,3
32896.csv,93,3
32897.csv,93,3
32898.csv,100,3
32899.csv,100,3
32900.csv,100,3
32901.csv,100,3
32902.csv,100,3
32903.csv,100,3
32904.csv,100,3
32905.csv,100,3
32906.csv,100,3
32907.csv,100,3
32908.csv,100,3
32909.csv,100,3
32910.csv,100,3
32911.csv,100,3
32912.csv,100,3
32913.csv,100,3
32914.csv,100,3
32915.csv,100,3
32916.csv,100,3
32917.csv,100,3
32918.csv,100,3
32919.csv,100,3
32920.csv,100,3
32921.csv,100,3
32922.csv,100,3
32923.csv,100,3
32924.csv,100,3
32925.csv,100,3
32926.csv,100,3
32927.csv,100,3
32928.csv,100,3
32929.csv,100,3
32930.csv,100,3
32931.csv,100,3
32932.csv,100,3
32933.csv,100,3
32934.csv,103,3
32935.csv,103,3
32936.csv,103,3
32937.csv,103,3
32938.csv,103,3
32939.csv,103,3
32940.csv,103,3
32941.csv,103,3
32942.csv,103,3
32943.csv,103,3
32944.csv,103,3
32945.csv,103,3
32946.csv,103,3
32947.csv,103,3
32948.csv,103,3
32949.csv,103,3
32950.csv,103,3
32951.csv,103,3
32952.csv,103,3
32953.csv,108,3
32954.csv,108,3
32955.csv,108,3
32956.csv,108,3
32957.csv,108,3
32958.csv,108,3
32959.csv,108,3
32960.csv,108,3
32961.csv,108,3
32962.csv,108,3
32963.csv,108,3
32964.csv,108,3
32965.csv,108,3
32966.csv,108,3
32967.csv,108,3
32968.csv,112,3
32969.csv,112,3
32970.csv,112,3
32971.csv,112,3
32972.csv,112,3
32973.csv,112,3
32974.csv,112,3
32975.csv,112,3
32976.csv,112,3
32977.csv,112,3
32978.csv,112,3
32979.csv,112,3
32980.csv,112,3
32981.csv,112,3
32982.csv,112,3
32983.csv,112,3
32984.csv,112,3
32985.csv,112,3
32986.csv,112,3
32987.csv,112,3
32988.csv,114,3
32989.csv,114,3
32990.csv,114,3
32991.csv,114,3
32992.csv,114,3
32993.csv,114,3
32994.csv,114,3
32995.csv,114,3
32996.csv,114,3
32997.csv,114,3
32998.csv,114,3
32999.csv,114,3
33000.csv,114,3
33001.csv,114,3
33002.csv,114,3
33003.csv,114,3
33004.csv,114,3
33005.csv,114,3
33006.csv,114,3
33007.csv,114,3
33008.csv,121,3
33009.csv,121,3
33010.csv,121,3
33011.csv,121,3
33012.csv,121,3
33013.csv,121,3
33014.csv,121,3
33015.csv,121,3
33016.csv,121,3
33017.csv,121,3
33018.csv,121,3
33019.csv,121,3
33020.csv,121,3
33021.csv,121,3
33022.csv,121,3
33023.csv,121,3
33024.csv,121,3
33025.csv,121,3
33026.csv,138,3
33027.csv,138,3
33028.csv,138,3
33029.csv,138,3
33030.csv,138,3
33031.csv,138,3
33032.csv,138,3
33033.csv,138,3
33034.csv,138,3
33035.csv,138,3
33036.csv,138,3
33037.csv,138,3
33038.csv,138,3
33039.csv,138,3
33040.csv,138,3
33041.csv,138,3
33042.csv,138,3
33043.csv,138,3
33044.csv,142,3
33045.csv,142,3
33046.csv,142,3
33047.csv,142,3
33048.csv,142,3
33049.csv,142,3
33050.csv,142,3
33051.csv,142,3
33052.csv,142,3
33053.csv,142,3
33054.csv,142,3
33055.csv,142,3
33056.csv,142,3
33057.csv,142,3
33058.csv,142,3
33059.csv,142,3
33060.csv,142,3
33061.csv,142,3
33062.csv,142,3
33063.csv,142,3
33064.csv,145,3
33065.csv,145,3
33066.csv,145,3
33067.csv,145,3
33068.csv,145,3
33069.csv,145,3
33070.csv,145,3
33071.csv,145,3
33072.csv,145,3
33073.csv,145,3
33074.csv,145,3
33075.csv,145,3
33076.csv,145,3
33077.csv,145,3
33078.csv,145,3
33079.csv,145,3
33080.csv,145,3
33081.csv,145,3
33082.csv,145,3
33083.csv,145,3
33084.csv,145,3
33085.csv,163,3
33086.csv,163,3
33087.csv,163,3
33088.csv,163,3
33089.csv,163,3
33090.csv,163,3
33091.csv,163,3
33092.csv,163,3
33093.csv,163,3
33094.csv,163,3
33095.csv,163,3
33096.csv,163,3
33097.csv,163,3
33098.csv,163,3
33099.csv,163,3
33100.csv,163,3
33101.csv,163,3
33102.csv,163,3
33103.csv,163,3
33104.csv,163,3
33105.csv,170,3
33106.csv,170,3
33107.csv,170,3
33108.csv,170,3
33109.csv,170,3
33110.csv,170,3
33111.csv,170,3
33112.csv,170,3
33113.csv,170,3
33114.csv,170,3
33115.csv,170,3
33116.csv,170,3
33117.csv,170,3
33118.csv,170,3
33119.csv,170,3
33120.csv,170,3
33121.csv,170,3
33122.csv,170,3
33123.csv,170,3
33124.csv,170,3
33125.csv,170,3
33126.csv,171,3
33127.csv,171,3
33128.csv,171,3
33129.csv,171,3
33130.csv,171,3
33131.csv,171,3
33132.csv,171,3
33133.csv,171,3
33134.csv,171,3
33135.csv,171,3
33136.csv,171,3
33137.csv,171,3
33138.csv,171,3
33139.csv,171,3
33140.csv,171,3
33141.csv,171,3
33142.csv,171,3
33143.csv,171,3
33144.csv,1,4
33145.csv,1,4
33146.csv,1,4
33147.csv,1,4
33148.csv,1,4
33149.csv,1,4
33150.csv,1,4
33151.csv,1,4
33152.csv,1,4
33153.csv,1,4
33154.csv,1,4
33155.csv,1,4
33156.csv,1,4
33157.csv,1,4
33158.csv,1,4
33159.csv,1,4
33160.csv,1,4
33161.csv,1,4
33162.csv,1,4
33163.csv,1,4
33164.csv,1,4
33165.csv,1,4
33166.csv,1,4
33167.csv,1,4
33168.csv,1,4
33169.csv,1,4
33170.csv,1,4
33171.csv,1,4
33172.csv,1,4
33173.csv,1,4
33174.csv,2,4
33175.csv,2,4
33176.csv,2,4
33177.csv,2,4
33178.csv,2,4
33179.csv,2,4
33180.csv,2,4
33181.csv,2,4
33182.csv,2,4
33183.csv,2,4
33184.csv,2,4
33185.csv,2,4
33186.csv,2,4
33187.csv,2,4
33188.csv,2,4
33189.csv,2,4
33190.csv,2,4
33191.csv,2,4
33192.csv,2,4
33193.csv,2,4
33194.csv,2,4
33195.csv,2,4
33196.csv,2,4
33197.csv,2,4
33198.csv,2,4
33199.csv,2,4
33200.csv,2,4
33201.csv,2,4
33202.csv,2,4
33203.csv,2,4
33204.csv,3,4
33205.csv,3,4
33206.csv,3,4
33207.csv,3,4
33208.csv,3,4
33209.csv,3,4
33210.csv,3,4
33211.csv,3,4
33212.csv,3,4
33213.csv,3,4
33214.csv,3,4
33215.csv,3,4
33216.csv,3,4
33217.csv,3,4
33218.csv,3,4
33219.csv,3,4
33220.csv,3,4
33221.csv,3,4
33222.csv,3,4
33223.csv,3,4
33224.csv,3,4
33225.csv,3,4
33226.csv,3,4
33227.csv,3,4
33228.csv,3,4
33229.csv,3,4
33230.csv,3,4
33231.csv,3,4
33232.csv,3,4
33233.csv,3,4
33234.csv,4,4
33235.csv,4,4
33236.csv,4,4
33237.csv,4,4
33238.csv,4,4
33239.csv,4,4
33240.csv,4,4
33241.csv,4,4
33242.csv,4,4
33243.csv,4,4
33244.csv,4,4
33245.csv,4,4
33246.csv,4,4
33247.csv,4,4
33248.csv,4,4
33249.csv,4,4
33250.csv,4,4
33251.csv,4,4
33252.csv,4,4
33253.csv,4,4
33254.csv,4,4
33255.csv,4,4
33256.csv,4,4
33257.csv,4,4
33258.csv,4,4
33259.csv,4,4
33260.csv,4,4
33261.csv,4,4
33262.csv,4,4
33263.csv,4,4
33264.csv,5,4
33265.csv,5,4
33266.csv,5,4
33267.csv,5,4
33268.csv,5,4
33269.csv,5,4
33270.csv,5,4
33271.csv,5,4
33272.csv,5,4
33273.csv,5,4
33274.csv,5,4
33275.csv,5,4
33276.csv,5,4
33277.csv,5,4
33278.csv,5,4
33279.csv,5,4
33280.csv,5,4
33281.csv,5,4
33282.csv,5,4
33283.csv,5,4
33284.csv,5,4
33285.csv,5,4
33286.csv,5,4
33287.csv,5,4
33288.csv,5,4
33289.csv,5,4
33290.csv,5,4
33291.csv,5,4
33292.csv,5,4
33293.csv,5,4
33294.csv,7,4
33295.csv,7,4
33296.csv,7,4
33297.csv,7,4
33298.csv,7,4
33299.csv,7,4
33300.csv,7,4
33301.csv,7,4
33302.csv,7,4
33303.csv,7,4
33304.csv,7,4
33305.csv,7,4
33306.csv,7,4
33307.csv,7,4
33308.csv,7,4
33309.csv,7,4
33310.csv,7,4
33311.csv,7,4
33312.csv,9,4
33313.csv,9,4
33314.csv,9,4
33315.csv,9,4
33316.csv,9,4
33317.csv,9,4
33318.csv,9,4
33319.csv,9,4
33320.csv,9,4
33321.csv,9,4
33322.csv,9,4
33323.csv,9,4
33324.csv,9,4
33325.csv,9,4
33326.csv,9,4
33327.csv,9,4
33328.csv,9,4
33329.csv,9,4
33330.csv,9,4
33331.csv,9,4
33332.csv,9,4
33333.csv,9,4
33334.csv,9,4
33335.csv,9,4
33336.csv,16,4
33337.csv,16,4
33338.csv,16,4
33339.csv,16,4
33340.csv,16,4
33341.csv,16,4
33342.csv,16,4
33343.csv,16,4
33344.csv,16,4
33345.csv,16,4
33346.csv,16,4
33347.csv,16,4
33348.csv,16,4
33349.csv,16,4
33350.csv,16,4
33351.csv,20,4
33352.csv,20,4
33353.csv,20,4
33354.csv,20,4
33355.csv,20,4
33356.csv,20,4
33357.csv,20,4
33358.csv,20,4
33359.csv,20,4
33360.csv,20,4
33361.csv,20,4
33362.csv,20,4
33363.csv,20,4
33364.csv,20,4
33365.csv,20,4
33366.csv,23,4
33367.csv,23,4
33368.csv,23,4
33369.csv,23,4
33370.csv,23,4
33371.csv,23,4
33372.csv,23,4
33373.csv,23,4
33374.csv,23,4
33375.csv,23,4
33376.csv,23,4
33377.csv,23,4
33378.csv,23,4
33379.csv,23,4
33380.csv,23,4
33381.csv,25,4
33382.csv,25,4
33383.csv,25,4
33384.csv,25,4
33385.csv,25,4
33386.csv,25,4
33387.csv,25,4
33388.csv,25,4
33389.csv,25,4
33390.csv,25,4
33391.csv,25,4
33392.csv,25,4
33393.csv,25,4
33394.csv,25,4
33395.csv,25,4
33396.csv,25,4
33397.csv,25,4
33398.csv,25,4
33399.csv,32,4
33400.csv,32,4
33401.csv,32,4
33402.csv,32,4
33403.csv,32,4
33404.csv,32,4
33405.csv,32,4
33406.csv,32,4
33407.csv,32,4
33408.csv,32,4
33409.csv,32,4
33410.csv,32,4
33411.csv,32,4
33412.csv,32,4
33413.csv,32,4
33414.csv,32,4
33415.csv,32,4
33416.csv,32,4
33417.csv,32,4
33418.csv,32,4
33419.csv,32,4
33420.csv,32,4
33421.csv,32,4
33422.csv,32,4
33423.csv,33,4
33424.csv,33,4
33425.csv,33,4
33426.csv,33,4
33427.csv,33,4
33428.csv,33,4
33429.csv,33,4
33430.csv,33,4
33431.csv,33,4
33432.csv,33,4
33433.csv,33,4
33434.csv,33,4
33435.csv,33,4
33436.csv,33,4
33437.csv,33,4
33438.csv,33,4
33439.csv,33,4
33440.csv,33,4
33441.csv,33,4
33442.csv,33,4
33443.csv,33,4
33444.csv,33,4
33445.csv,33,4
33446.csv,33,4
33447.csv,33,4
33448.csv,39,4
33449.csv,39,4
33450.csv,39,4
33451.csv,39,4
33452.csv,39,4
33453.csv,39,4
33454.csv,39,4
33455.csv,39,4
33456.csv,39,4
33457.csv,39,4
33458.csv,39,4
33459.csv,39,4
33460.csv,39,4
33461.csv,39,4
33462.csv,39,4
33463.csv,47,4
33464.csv,47,4
33465.csv,47,4
33466.csv,47,4
33467.csv,47,4
33468.csv,47,4
33469.csv,47,4
33470.csv,47,4
33471.csv,47,4
33472.csv,47,4
33473.csv,47,4
33474.csv,47,4
33475.csv,47,4
33476.csv,47,4
33477.csv,47,4
33478.csv,47,4
33479.csv,47,4
33480.csv,47,4
33481.csv,47,4
33482.csv,47,4
33483.csv,51,4
33484.csv,51,4
33485.csv,51,4
33486.csv,51,4
33487.csv,51,4
33488.csv,51,4
33489.csv,51,4
33490.csv,51,4
33491.csv,51,4
33492.csv,51,4
33493.csv,51,4
33494.csv,51,4
33495.csv,51,4
33496.csv,51,4
33497.csv,51,4
33498.csv,62,4
33499.csv,62,4
33500.csv,62,4
33501.csv,62,4
33502.csv,62,4
33503.csv,62,4
33504.csv,62,4
33505.csv,62,4
33506.csv,62,4
33507.csv,62,4
33508.csv,62,4
33509.csv,62,4
33510.csv,62,4
33511.csv,62,4
33512.csv,62,4
33513.csv,65,4
33514.csv,65,4
33515.csv,65,4
33516.csv,65,4
33517.csv,65,4
33518.csv,65,4
33519.csv,65,4
33520.csv,65,4
33521.csv,65,4
33522.csv,65,4
33523.csv,65,4
33524.csv,65,4
33525.csv,65,4
33526.csv,65,4
33527.csv,65,4
33528.csv,71,4
33529.csv,71,4
33530.csv,71,4
33531.csv,71,4
33532.csv,71,4
33533.csv,71,4
33534.csv,71,4
33535.csv,71,4
33536.csv,71,4
33537.csv,71,4
33538.csv,71,4
33539.csv,71,4
33540.csv,74,4
33541.csv,74,4
33542.csv,74,4
33543.csv,74,4
33544.csv,74,4
33545.csv,74,4
33546.csv,74,4
33547.csv,74,4
33548.csv,74,4
33549.csv,74,4
33550.csv,74,4
33551.csv,74,4
33552.csv,74,4
33553.csv,74,4
33554.csv,74,4
33555.csv,77,4
33556.csv,77,4
33557.csv,77,4
33558.csv,77,4
33559.csv,77,4
33560.csv,77,4
33561.csv,77,4
33562.csv,77,4
33563.csv,77,4
33564.csv,77,4
33565.csv,77,4
33566.csv,77,4
33567.csv,77,4
33568.csv,77,4
33569.csv,77,4
33570.csv,81,4
33571.csv,81,4
33572.csv,81,4
33573.csv,81,4
33574.csv,81,4
33575.csv,81,4
33576.csv,81,4
33577.csv,81,4
33578.csv,81,4
33579.csv,81,4
33580.csv,81,4
33581.csv,81,4
33582.csv,81,4
33583.csv,81,4
33584.csv,81,4
33585.csv,86,4
33586.csv,86,4
33587.csv,86,4
33588.csv,86,4
33589.csv,86,4
33590.csv,86,4
33591.csv,86,4
33592.csv,86,4
33593.csv,86,4
33594.csv,86,4
33595.csv,86,4
33596.csv,86,4
33597.csv,86,4
33598.csv,86,4
33599.csv,86,4
33600.csv,88,4
33601.csv,88,4
33602.csv,88,4
33603.csv,88,4
33604.csv,88,4
33605.csv,88,4
33606.csv,88,4
33607.csv,88,4
33608.csv,88,4
33609.csv,88,4
33610.csv,88,4
33611.csv,88,4
33612.csv,88,4
33613.csv,88,4
33614.csv,88,4
33615.csv,88,4
33616.csv,88,4
33617.csv,88,4
33618.csv,88,4
33619.csv,88,4
33620.csv,88,4
33621.csv,88,4
33622.csv,88,4
33623.csv,88,4
33624.csv,88,4
33625.csv,88,4
33626.csv,93,4
33627.csv,93,4
33628.csv,93,4
33629.csv,93,4
33630.csv,93,4
33631.csv,93,4
33632.csv,93,4
33633.csv,93,4
33634.csv,93,4
33635.csv,93,4
33636.csv,93,4
33637.csv,93,4
33638.csv,93,4
33639.csv,93,4
33640.csv,93,4
33641.csv,93,4
33642.csv,93,4
33643.csv,93,4
33644.csv,93,4
33645.csv,93,4
33646.csv,93,4
33647.csv,93,4
33648.csv,93,4
33649.csv,93,4
33650.csv,93,4
33651.csv,93,4
33652.csv,93,4
33653.csv,93,4
33654.csv,93,4
33655.csv,93,4
33656.csv,93,4
33657.csv,93,4
33658.csv,93,4
33659.csv,93,4
33660.csv,93,4
33661.csv,93,4
33662.csv,93,4
33663.csv,93,4
33664.csv,93,4
33665.csv,93,4
33666.csv,93,4
33667.csv,93,4
33668.csv,93,4
33669.csv,93,4
33670.csv,93,4
33671.csv,93,4
33672.csv,93,4
33673.csv,93,4
33674.csv,93,4
33675.csv,93,4
33676.csv,93,4
33677.csv,100,4
33678.csv,100,4
33679.csv,100,4
33680.csv,100,4
33681.csv,100,4
33682.csv,100,4
33683.csv,100,4
33684.csv,100,4
33685.csv,100,4
33686.csv,100,4
33687.csv,100,4
33688.csv,100,4
33689.csv,100,4
33690.csv,100,4
33691.csv,100,4
33692.csv,100,4
33693.csv,100,4
33694.csv,100,4
33695.csv,100,4
33696.csv,100,4
33697.csv,100,4
33698.csv,100,4
33699.csv,100,4
33700.csv,100,4
33701.csv,100,4
33702.csv,100,4
33703.csv,100,4
33704.csv,100,4
33705.csv,100,4
33706.csv,100,4
33707.csv,100,4
33708.csv,100,4
33709.csv,100,4
33710.csv,100,4
33711.csv,100,4
33712.csv,100,4
33713.csv,100,4
33714.csv,100,4
33715.csv,100,4
33716.csv,100,4
33717.csv,100,4
33718.csv,100,4
33719.csv,100,4
33720.csv,100,4
33721.csv,100,4
33722.csv,100,4
33723.csv,100,4
33724.csv,100,4
33725.csv,100,4
33726.csv,100,4
33727.csv,100,4
33728.csv,100,4
33729.csv,100,4
33730.csv,100,4
33731.csv,100,4
33732.csv,100,4
33733.csv,100,4
33734.csv,100,4
33735.csv,100,4
33736.csv,100,4
33737.csv,103,4
33738.csv,103,4
33739.csv,103,4
33740.csv,103,4
33741.csv,103,4
33742.csv,103,4
33743.csv,103,4
33744.csv,103,4
33745.csv,103,4
33746.csv,103,4
33747.csv,103,4
33748.csv,103,4
33749.csv,103,4
33750.csv,103,4
33751.csv,103,4
33752.csv,103,4
33753.csv,103,4
33754.csv,103,4
33755.csv,103,4
33756.csv,108,4
33757.csv,108,4
33758.csv,108,4
33759.csv,108,4
33760.csv,108,4
33761.csv,108,4
33762.csv,108,4
33763.csv,108,4
33764.csv,108,4
33765.csv,108,4
33766.csv,108,4
33767.csv,108,4
33768.csv,108,4
33769.csv,108,4
33770.csv,108,4
33771.csv,112,4
33772.csv,112,4
33773.csv,112,4
33774.csv,112,4
33775.csv,112,4
33776.csv,112,4
33777.csv,112,4
33778.csv,112,4
33779.csv,112,4
33780.csv,112,4
33781.csv,112,4
33782.csv,112,4
33783.csv,112,4
33784.csv,112,4
33785.csv,112,4
33786.csv,112,4
33787.csv,112,4
33788.csv,114,4
33789.csv,114,4
33790.csv,114,4
33791.csv,114,4
33792.csv,114,4
33793.csv,114,4
33794.csv,114,4
33795.csv,114,4
33796.csv,114,4
33797.csv,114,4
33798.csv,114,4
33799.csv,114,4
33800.csv,114,4
33801.csv,114,4
33802.csv,114,4
33803.csv,114,4
33804.csv,114,4
33805.csv,114,4
33806.csv,114,4
33807.csv,114,4
33808.csv,121,4
33809.csv,121,4
33810.csv,121,4
33811.csv,121,4
33812.csv,121,4
33813.csv,121,4
33814.csv,121,4
33815.csv,121,4
33816.csv,121,4
33817.csv,121,4
33818.csv,121,4
33819.csv,121,4
33820.csv,121,4
33821.csv,121,4
33822.csv,121,4
33823.csv,121,4
33824.csv,121,4
33825.csv,121,4
33826.csv,138,4
33827.csv,138,4
33828.csv,138,4
33829.csv,138,4
33830.csv,138,4
33831.csv,138,4
33832.csv,138,4
33833.csv,138,4
33834.csv,138,4
33835.csv,138,4
33836.csv,138,4
33837.csv,138,4
33838.csv,138,4
33839.csv,138,4
33840.csv,138,4
33841.csv,138,4
33842.csv,138,4
33843.csv,138,4
33844.csv,142,4
33845.csv,142,4
33846.csv,142,4
33847.csv,142,4
33848.csv,142,4
33849.csv,142,4
33850.csv,142,4
33851.csv,142,4
33852.csv,142,4
33853.csv,142,4
33854.csv,142,4
33855.csv,142,4
33856.csv,142,4
33857.csv,142,4
33858.csv,142,4
33859.csv,142,4
33860.csv,142,4
33861.csv,142,4
33862.csv,142,4
33863.csv,142,4
33864.csv,142,4
33865.csv,142,4
33866.csv,142,4
33867.csv,142,4
33868.csv,142,4
33869.csv,142,4
33870.csv,142,4
33871.csv,142,4
33872.csv,142,4
33873.csv,142,4
33874.csv,142,4
33875.csv,142,4
33876.csv,142,4
33877.csv,142,4
33878.csv,142,4
33879.csv,142,4
33880.csv,142,4
33881.csv,142,4
33882.csv,142,4
33883.csv,145,4
33884.csv,145,4
33885.csv,145,4
33886.csv,145,4
33887.csv,145,4
33888.csv,145,4
33889.csv,145,4
33890.csv,145,4
33891.csv,145,4
33892.csv,145,4
33893.csv,145,4
33894.csv,145,4
33895.csv,145,4
33896.csv,145,4
33897.csv,145,4
33898.csv,145,4
33899.csv,145,4
33900.csv,145,4
33901.csv,145,4
33902.csv,145,4
33903.csv,145,4
33904.csv,145,4
33905.csv,145,4
33906.csv,145,4
33907.csv,145,4
33908.csv,145,4
33909.csv,163,4
33910.csv,163,4
33911.csv,163,4
33912.csv,163,4
33913.csv,163,4
33914.csv,163,4
33915.csv,163,4
33916.csv,163,4
33917.csv,163,4
33918.csv,163,4
33919.csv,163,4
33920.csv,163,4
33921.csv,163,4
33922.csv,163,4
33923.csv,163,4
33924.csv,163,4
33925.csv,163,4
33926.csv,163,4
33927.csv,163,4
33928.csv,163,4
33929.csv,163,4
33930.csv,163,4
33931.csv,170,4
33932.csv,170,4
33933.csv,170,4
33934.csv,170,4
33935.csv,170,4
33936.csv,170,4
33937.csv,170,4
33938.csv,170,4
33939.csv,170,4
33940.csv,170,4
33941.csv,170,4
33942.csv,170,4
33943.csv,170,4
33944.csv,170,4
33945.csv,170,4
33946.csv,170,4
33947.csv,170,4
33948.csv,170,4
33949.csv,170,4
33950.csv,170,4
33951.csv,170,4
33952.csv,170,4
33953.csv,170,4
33954.csv,171,4
33955.csv,171,4
33956.csv,171,4
33957.csv,171,4
33958.csv,171,4
33959.csv,171,4
33960.csv,171,4
33961.csv,171,4
33962.csv,171,4
33963.csv,171,4
33964.csv,171,4
33965.csv,171,4
33966.csv,171,4
33967.csv,171,4
33968.csv,171,4
33969.csv,171,4
33970.csv,171,4
33971.csv,1,5
33972.csv,1,5
33973.csv,1,5
33974.csv,1,5
33975.csv,1,5
33976.csv,1,5
33977.csv,1,5
33978.csv,1,5
33979.csv,1,5
33980.csv,1,5
33981.csv,1,5
33982.csv,1,5
33983.csv,1,5
33984.csv,1,5
33985.csv,1,5
33986.csv,1,5
33987.csv,1,5
33988.csv,1,5
33989.csv,1,5
33990.csv,1,5
33991.csv,1,5
33992.csv,1,5
33993.csv,1,5
33994.csv,1,5
33995.csv,1,5
33996.csv,1,5
33997.csv,1,5
33998.csv,1,5
33999.csv,1,5
34000.csv,1,5
34001.csv,2,5
34002.csv,2,5
34003.csv,2,5
34004.csv,2,5
34005.csv,2,5
34006.csv,2,5
34007.csv,2,5
34008.csv,2,5
34009.csv,2,5
34010.csv,2,5
34011.csv,2,5
34012.csv,2,5
34013.csv,2,5
34014.csv,2,5
34015.csv,2,5
34016.csv,2,5
34017.csv,2,5
34018.csv,2,5
34019.csv,2,5
34020.csv,2,5
34021.csv,2,5
34022.csv,2,5
34023.csv,2,5
34024.csv,2,5
34025.csv,2,5
34026.csv,2,5
34027.csv,2,5
34028.csv,2,5
34029.csv,2,5
34030.csv,2,5
34031.csv,3,5
34032.csv,3,5
34033.csv,3,5
34034.csv,3,5
34035.csv,3,5
34036.csv,3,5
34037.csv,3,5
34038.csv,3,5
34039.csv,3,5
34040.csv,3,5
34041.csv,3,5
34042.csv,3,5
34043.csv,3,5
34044.csv,3,5
34045.csv,3,5
34046.csv,3,5
34047.csv,3,5
34048.csv,3,5
34049.csv,3,5
34050.csv,3,5
34051.csv,3,5
34052.csv,3,5
34053.csv,3,5
34054.csv,3,5
34055.csv,3,5
34056.csv,3,5
34057.csv,3,5
34058.csv,3,5
34059.csv,3,5
34060.csv,3,5
34061.csv,4,5
34062.csv,4,5
34063.csv,4,5
34064.csv,4,5
34065.csv,4,5
34066.csv,4,5
34067.csv,4,5
34068.csv,4,5
34069.csv,4,5
34070.csv,4,5
34071.csv,4,5
34072.csv,4,5
34073.csv,4,5
34074.csv,4,5
34075.csv,4,5
34076.csv,4,5
34077.csv,4,5
34078.csv,4,5
34079.csv,4,5
34080.csv,4,5
34081.csv,4,5
34082.csv,4,5
34083.csv,4,5
34084.csv,4,5
34085.csv,4,5
34086.csv,4,5
34087.csv,4,5
34088.csv,4,5
34089.csv,4,5
34090.csv,4,5
34091.csv,5,5
34092.csv,5,5
34093.csv,5,5
34094.csv,5,5
34095.csv,5,5
34096.csv,5,5
34097.csv,5,5
34098.csv,5,5
34099.csv,5,5
34100.csv,5,5
34101.csv,5,5
34102.csv,5,5
34103.csv,5,5
34104.csv,5,5
34105.csv,5,5
34106.csv,5,5
34107.csv,5,5
34108.csv,5,5
34109.csv,5,5
34110.csv,5,5
34111.csv,5,5
34112.csv,5,5
34113.csv,5,5
34114.csv,5,5
34115.csv,5,5
34116.csv,5,5
34117.csv,5,5
34118.csv,5,5
34119.csv,5,5
34120.csv,5,5
34121.csv,7,5
34122.csv,7,5
34123.csv,7,5
34124.csv,7,5
34125.csv,7,5
34126.csv,7,5
34127.csv,7,5
34128.csv,7,5
34129.csv,7,5
34130.csv,7,5
34131.csv,7,5
34132.csv,7,5
34133.csv,7,5
34134.csv,7,5
34135.csv,7,5
34136.csv,7,5
34137.csv,7,5
34138.csv,7,5
34139.csv,7,5
34140.csv,9,5
34141.csv,9,5
34142.csv,9,5
34143.csv,9,5
34144.csv,9,5
34145.csv,9,5
34146.csv,9,5
34147.csv,9,5
34148.csv,9,5
34149.csv,9,5
34150.csv,9,5
34151.csv,9,5
34152.csv,9,5
34153.csv,9,5
34154.csv,9,5
34155.csv,9,5
34156.csv,9,5
34157.csv,9,5
34158.csv,9,5
34159.csv,9,5
34160.csv,9,5
34161.csv,9,5
34162.csv,9,5
34163.csv,9,5
34164.csv,16,5
34165.csv,16,5
34166.csv,16,5
34167.csv,16,5
34168.csv,16,5
34169.csv,16,5
34170.csv,16,5
34171.csv,16,5
34172.csv,16,5
34173.csv,16,5
34174.csv,16,5
34175.csv,16,5
34176.csv,16,5
34177.csv,16,5
34178.csv,16,5
34179.csv,20,5
34180.csv,20,5
34181.csv,20,5
34182.csv,20,5
34183.csv,20,5
34184.csv,20,5
34185.csv,20,5
34186.csv,20,5
34187.csv,20,5
34188.csv,20,5
34189.csv,20,5
34190.csv,20,5
34191.csv,20,5
34192.csv,20,5
34193.csv,20,5
34194.csv,23,5
34195.csv,23,5
34196.csv,23,5
34197.csv,23,5
34198.csv,23,5
34199.csv,23,5
34200.csv,23,5
34201.csv,23,5
34202.csv,23,5
34203.csv,23,5
34204.csv,23,5
34205.csv,23,5
34206.csv,23,5
34207.csv,23,5
34208.csv,23,5
34209.csv,25,5
34210.csv,25,5
34211.csv,25,5
34212.csv,25,5
34213.csv,25,5
34214.csv,25,5
34215.csv,25,5
34216.csv,25,5
34217.csv,25,5
34218.csv,25,5
34219.csv,25,5
34220.csv,25,5
34221.csv,25,5
34222.csv,25,5
34223.csv,25,5
34224.csv,32,5
34225.csv,32,5
34226.csv,32,5
34227.csv,32,5
34228.csv,32,5
34229.csv,32,5
34230.csv,32,5
34231.csv,32,5
34232.csv,32,5
34233.csv,32,5
34234.csv,32,5
34235.csv,32,5
34236.csv,32,5
34237.csv,32,5
34238.csv,32,5
34239.csv,32,5
34240.csv,32,5
34241.csv,32,5
34242.csv,32,5
34243.csv,32,5
34244.csv,32,5
34245.csv,32,5
34246.csv,32,5
34247.csv,32,5
34248.csv,33,5
34249.csv,33,5
34250.csv,33,5
34251.csv,33,5
34252.csv,33,5
34253.csv,33,5
34254.csv,33,5
34255.csv,33,5
34256.csv,33,5
34257.csv,33,5
34258.csv,33,5
34259.csv,33,5
34260.csv,33,5
34261.csv,33,5
34262.csv,33,5
34263.csv,33,5
34264.csv,33,5
34265.csv,33,5
34266.csv,33,5
34267.csv,33,5
34268.csv,33,5
34269.csv,33,5
34270.csv,33,5
34271.csv,33,5
34272.csv,33,5
34273.csv,39,5
34274.csv,39,5
34275.csv,39,5
34276.csv,39,5
34277.csv,39,5
34278.csv,39,5
34279.csv,39,5
34280.csv,39,5
34281.csv,39,5
34282.csv,39,5
34283.csv,39,5
34284.csv,39,5
34285.csv,39,5
34286.csv,39,5
34287.csv,39,5
34288.csv,47,5
34289.csv,47,5
34290.csv,47,5
34291.csv,47,5
34292.csv,47,5
34293.csv,47,5
34294.csv,47,5
34295.csv,47,5
34296.csv,47,5
34297.csv,47,5
34298.csv,47,5
34299.csv,47,5
34300.csv,47,5
34301.csv,47,5
34302.csv,47,5
34303.csv,47,5
34304.csv,47,5
34305.csv,47,5
34306.csv,51,5
34307.csv,51,5
34308.csv,51,5
34309.csv,51,5
34310.csv,51,5
34311.csv,51,5
34312.csv,51,5
34313.csv,51,5
34314.csv,51,5
34315.csv,51,5
34316.csv,51,5
34317.csv,51,5
34318.csv,62,5
34319.csv,62,5
34320.csv,62,5
34321.csv,62,5
34322.csv,62,5
34323.csv,62,5
34324.csv,62,5
34325.csv,62,5
34326.csv,62,5
34327.csv,62,5
34328.csv,62,5
34329.csv,62,5
34330.csv,62,5
34331.csv,62,5
34332.csv,62,5
34333.csv,65,5
34334.csv,65,5
34335.csv,65,5
34336.csv,65,5
34337.csv,65,5
34338.csv,65,5
34339.csv,65,5
34340.csv,65,5
34341.csv,65,5
34342.csv,65,5
34343.csv,65,5
34344.csv,65,5
34345.csv,65,5
34346.csv,65,5
34347.csv,65,5
34348.csv,71,5
34349.csv,71,5
34350.csv,71,5
34351.csv,71,5
34352.csv,71,5
34353.csv,71,5
34354.csv,71,5
34355.csv,71,5
34356.csv,71,5
34357.csv,71,5
34358.csv,71,5
34359.csv,71,5
34360.csv,71,5
34361.csv,71,5
34362.csv,71,5
34363.csv,74,5
34364.csv,74,5
34365.csv,74,5
34366.csv,74,5
34367.csv,74,5
34368.csv,74,5
34369.csv,74,5
34370.csv,74,5
34371.csv,74,5
34372.csv,74,5
34373.csv,74,5
34374.csv,74,5
34375.csv,74,5
34376.csv,74,5
34377.csv,74,5
34378.csv,77,5
34379.csv,77,5
34380.csv,77,5
34381.csv,77,5
34382.csv,77,5
34383.csv,77,5
34384.csv,77,5
34385.csv,77,5
34386.csv,77,5
34387.csv,77,5
34388.csv,77,5
34389.csv,77,5
34390.csv,77,5
34391.csv,77,5
34392.csv,77,5
34393.csv,81,5
34394.csv,81,5
34395.csv,81,5
34396.csv,81,5
34397.csv,81,5
34398.csv,81,5
34399.csv,81,5
34400.csv,81,5
34401.csv,81,5
34402.csv,81,5
34403.csv,81,5
34404.csv,81,5
34405.csv,81,5
34406.csv,81,5
34407.csv,81,5
34408.csv,86,5
34409.csv,86,5
34410.csv,86,5
34411.csv,86,5
34412.csv,86,5
34413.csv,86,5
34414.csv,86,5
34415.csv,86,5
34416.csv,86,5
34417.csv,86,5
34418.csv,86,5
34419.csv,86,5
34420.csv,86,5
34421.csv,86,5
34422.csv,86,5
34423.csv,88,5
34424.csv,88,5
34425.csv,88,5
34426.csv,88,5
34427.csv,88,5
34428.csv,88,5
34429.csv,88,5
34430.csv,88,5
34431.csv,88,5
34432.csv,88,5
34433.csv,88,5
34434.csv,88,5
34435.csv,88,5
34436.csv,88,5
34437.csv,88,5
34438.csv,88,5
34439.csv,88,5
34440.csv,88,5
34441.csv,88,5
34442.csv,88,5
34443.csv,88,5
34444.csv,88,5
34445.csv,88,5
34446.csv,88,5
34447.csv,88,5
34448.csv,93,5
34449.csv,93,5
34450.csv,93,5
34451.csv,93,5
34452.csv,93,5
34453.csv,93,5
34454.csv,93,5
34455.csv,93,5
34456.csv,93,5
34457.csv,93,5
34458.csv,93,5
34459.csv,93,5
34460.csv,93,5
34461.csv,93,5
34462.csv,93,5
34463.csv,93,5
34464.csv,93,5
34465.csv,93,5
34466.csv,93,5
34467.csv,93,5
34468.csv,93,5
34469.csv,93,5
34470.csv,93,5
34471.csv,93,5
34472.csv,93,5
34473.csv,93,5
34474.csv,93,5
34475.csv,93,5
34476.csv,93,5
34477.csv,93,5
34478.csv,93,5
34479.csv,93,5
34480.csv,93,5
34481.csv,93,5
34482.csv,93,5
34483.csv,93,5
34484.csv,93,5
34485.csv,93,5
34486.csv,93,5
34487.csv,93,5
34488.csv,93,5
34489.csv,93,5
34490.csv,93,5
34491.csv,93,5
34492.csv,100,5
34493.csv,100,5
34494.csv,100,5
34495.csv,100,5
34496.csv,100,5
34497.csv,100,5
34498.csv,100,5
34499.csv,100,5
34500.csv,100,5
34501.csv,100,5
34502.csv,100,5
34503.csv,100,5
34504.csv,100,5
34505.csv,100,5
34506.csv,100,5
34507.csv,100,5
34508.csv,100,5
34509.csv,100,5
34510.csv,100,5
34511.csv,100,5
34512.csv,100,5
34513.csv,100,5
34514.csv,100,5
34515.csv,100,5
34516.csv,100,5
34517.csv,100,5
34518.csv,100,5
34519.csv,100,5
34520.csv,100,5
34521.csv,100,5
34522.csv,100,5
34523.csv,100,5
34524.csv,100,5
34525.csv,100,5
34526.csv,100,5
34527.csv,100,5
34528.csv,100,5
34529.csv,100,5
34530.csv,100,5
34531.csv,100,5
34532.csv,100,5
34533.csv,100,5
34534.csv,100,5
34535.csv,100,5
34536.csv,100,5
34537.csv,100,5
34538.csv,100,5
34539.csv,100,5
34540.csv,100,5
34541.csv,100,5
34542.csv,100,5
34543.csv,100,5
34544.csv,100,5
34545.csv,100,5
34546.csv,103,5
34547.csv,103,5
34548.csv,103,5
34549.csv,103,5
34550.csv,103,5
34551.csv,103,5
34552.csv,103,5
34553.csv,103,5
34554.csv,103,5
34555.csv,103,5
34556.csv,103,5
34557.csv,103,5
34558.csv,103,5
34559.csv,103,5
34560.csv,103,5
34561.csv,103,5
34562.csv,103,5
34563.csv,103,5
34564.csv,103,5
34565.csv,103,5
34566.csv,103,5
34567.csv,103,5
34568.csv,103,5
34569.csv,108,5
34570.csv,108,5
34571.csv,108,5
34572.csv,108,5
34573.csv,108,5
34574.csv,108,5
34575.csv,108,5
34576.csv,108,5
34577.csv,108,5
34578.csv,108,5
34579.csv,108,5
34580.csv,108,5
34581.csv,108,5
34582.csv,108,5
34583.csv,108,5
34584.csv,112,5
34585.csv,112,5
34586.csv,112,5
34587.csv,112,5
34588.csv,112,5
34589.csv,112,5
34590.csv,112,5
34591.csv,112,5
34592.csv,112,5
34593.csv,112,5
34594.csv,112,5
34595.csv,112,5
34596.csv,112,5
34597.csv,112,5
34598.csv,112,5
34599.csv,112,5
34600.csv,112,5
34601.csv,112,5
34602.csv,112,5
34603.csv,112,5
34604.csv,114,5
34605.csv,114,5
34606.csv,114,5
34607.csv,114,5
34608.csv,114,5
34609.csv,114,5
34610.csv,114,5
34611.csv,114,5
34612.csv,114,5
34613.csv,114,5
34614.csv,114,5
34615.csv,114,5
34616.csv,114,5
34617.csv,114,5
34618.csv,114,5
34619.csv,114,5
34620.csv,114,5
34621.csv,114,5
34622.csv,114,5
34623.csv,114,5
34624.csv,121,5
34625.csv,121,5
34626.csv,121,5
34627.csv,121,5
34628.csv,121,5
34629.csv,121,5
34630.csv,121,5
34631.csv,121,5
34632.csv,121,5
34633.csv,121,5
34634.csv,121,5
34635.csv,121,5
34636.csv,121,5
34637.csv,121,5
34638.csv,121,5
34639.csv,121,5
34640.csv,121,5
34641.csv,121,5
34642.csv,138,5
34643.csv,138,5
34644.csv,138,5
34645.csv,138,5
34646.csv,138,5
34647.csv,138,5
34648.csv,138,5
34649.csv,138,5
34650.csv,138,5
34651.csv,138,5
34652.csv,138,5
34653.csv,138,5
34654.csv,138,5
34655.csv,138,5
34656.csv,138,5
34657.csv,138,5
34658.csv,138,5
34659.csv,138,5
34660.csv,142,5
34661.csv,142,5
34662.csv,142,5
34663.csv,142,5
34664.csv,142,5
34665.csv,142,5
34666.csv,142,5
34667.csv,142,5
34668.csv,142,5
34669.csv,142,5
34670.csv,142,5
34671.csv,142,5
34672.csv,142,5
34673.csv,142,5
34674.csv,142,5
34675.csv,142,5
34676.csv,142,5
34677.csv,142,5
34678.csv,142,5
34679.csv,142,5
34680.csv,142,5
34681.csv,142,5
34682.csv,142,5
34683.csv,142,5
34684.csv,142,5
34685.csv,142,5
34686.csv,142,5
34687.csv,142,5
34688.csv,142,5
34689.csv,142,5
34690.csv,142,5
34691.csv,142,5
34692.csv,142,5
34693.csv,142,5
34694.csv,142,5
34695.csv,145,5
34696.csv,145,5
34697.csv,145,5
34698.csv,145,5
34699.csv,145,5
34700.csv,145,5
34701.csv,145,5
34702.csv,145,5
34703.csv,145,5
34704.csv,145,5
34705.csv,145,5
34706.csv,145,5
34707.csv,145,5
34708.csv,145,5
34709.csv,145,5
34710.csv,145,5
34711.csv,145,5
34712.csv,145,5
34713.csv,145,5
34714.csv,145,5
34715.csv,145,5
34716.csv,145,5
34717.csv,145,5
34718.csv,145,5
34719.csv,145,5
34720.csv,145,5
34721.csv,163,5
34722.csv,163,5
34723.csv,163,5
34724.csv,163,5
34725.csv,163,5
34726.csv,163,5
34727.csv,163,5
34728.csv,163,5
34729.csv,163,5
34730.csv,163,5
34731.csv,163,5
34732.csv,163,5
34733.csv,163,5
34734.csv,163,5
34735.csv,163,5
34736.csv,163,5
34737.csv,163,5
34738.csv,163,5
34739.csv,163,5
34740.csv,170,5
34741.csv,170,5
34742.csv,170,5
34743.csv,170,5
34744.csv,170,5
34745.csv,170,5
34746.csv,170,5
34747.csv,170,5
34748.csv,170,5
34749.csv,170,5
34750.csv,170,5
34751.csv,170,5
34752.csv,170,5
34753.csv,170,5
34754.csv,170,5
34755.csv,170,5
34756.csv,170,5
34757.csv,170,5
34758.csv,170,5
34759.csv,170,5
34760.csv,170,5
34761.csv,171,5
34762.csv,171,5
34763.csv,171,5
34764.csv,171,5
34765.csv,171,5
34766.csv,171,5
34767.csv,171,5
34768.csv,171,5
34769.csv,171,5
34770.csv,171,5
34771.csv,171,5
34772.csv,171,5
34773.csv,171,5
